ds,trend,yhat_lower,yhat_upper,trend_lower,trend_upper,additive_terms,additive_terms_lower,additive_terms_upper,weekly,weekly_lower,weekly_upper,multiplicative_terms,multiplicative_terms_lower,multiplicative_terms_upper,yhat
2023-01-29 05:00:00,9.627384000000001,-24.644474508190527,65.27486311966534,9.627384000000001,9.627384000000001,8.426281678094151,8.426281678094151,8.426281678094151,8.426281678094151,8.426281678094151,8.426281678094151,0.0,0.0,0.0,18.053665678094152
2023-01-30 05:00:00,9.684724625000001,-38.5414368036968,47.45340434637394,9.684724625000001,9.684724625000001,-4.773552084266631,-4.773552084266631,-4.773552084266631,-4.773552084266631,-4.773552084266631,-4.773552084266631,0.0,0.0,0.0,4.911172540733371
2023-01-31 05:00:00,9.74206525,-38.95596149701011,47.40360518761455,9.74206525,9.74206525,-5.208005827523468,-5.208005827523468,-5.208005827523468,-5.208005827523468,-5.208005827523468,-5.208005827523468,0.0,0.0,0.0,4.534059422476531
2023-02-01 05:00:00,9.799405875,-41.70380881203948,49.3515489965704,9.799405875,9.799405875,-4.115366704618247,-4.115366704618247,-4.115366704618247,-4.115366704618247,-4.115366704618247,-4.115366704618247,0.0,0.0,0.0,5.6840391703817525
2023-02-02 05:00:00,9.856746500000002,-37.95096323168416,50.15940792543684,9.856746500000002,9.856746500000002,-3.003401053279667,-3.003401053279667,-3.003401053279667,-3.003401053279667,-3.003401053279667,-3.003401053279667,0.0,0.0,0.0,6.8533454467203345
2023-02-03 05:00:00,9.914087125,-32.47486714721862,55.650157003954014,9.914087125,9.914087125,0.2170811480928514,0.2170811480928514,0.2170811480928514,0.2170811480928514,0.2170811480928514,0.2170811480928514,0.0,0.0,0.0,10.131168273092852
2023-02-04 05:00:00,9.97142775,-22.87644789558781,58.20175089370204,9.97142775,9.97142775,8.456962843516669,8.456962843516669,8.456962843516669,8.456962843516669,8.456962843516669,8.456962843516669,0.0,0.0,0.0,18.428390593516667
2023-02-05 05:00:00,10.028768375,-24.435220370745874,65.13938474053205,10.028768375,10.028768375,8.426281678088682,8.426281678088682,8.426281678088682,8.426281678088682,8.426281678088682,8.426281678088682,0.0,0.0,0.0,18.455050053088684
2023-02-06 05:00:00,10.086109,-37.2746897298979,49.988410678037326,10.086109,10.086109,-4.773552084271985,-4.773552084271985,-4.773552084271985,-4.773552084271985,-4.773552084271985,-4.773552084271985,0.0,0.0,0.0,5.312556915728015
2023-02-07 05:00:00,10.143449625,-39.05385190874684,48.73476697133398,10.143449625,10.143449625,-5.208005827522164,-5.208005827522164,-5.208005827522164,-5.208005827522164,-5.208005827522164,-5.208005827522164,0.0,0.0,0.0,4.935443797477837
2023-02-08 05:00:00,10.20079025,-38.97923355287851,51.79022171877863,10.20079025,10.20079025,-4.115366704621697,-4.115366704621697,-4.115366704621697,-4.115366704621697,-4.115366704621697,-4.115366704621697,0.0,0.0,0.0,6.085423545378304
2023-02-09 05:00:00,10.255715731071428,-32.88015753443789,52.4699999909369,10.255715731071428,10.255715731071428,-3.003401053271767,-3.003401053271767,-3.003401053271767,-3.003401053271767,-3.003401053271767,-3.003401053271767,0.0,0.0,0.0,7.25231467779966
2023-02-10 05:00:00,10.310641212142857,-33.87446967338568,56.48386460861274,10.310641212142857,10.310641212142857,0.2170811481010078,0.2170811481010078,0.2170811481010078,0.2170811481010078,0.2170811481010078,0.2170811481010078,0.0,0.0,0.0,10.527722360243864
2023-02-11 05:00:00,10.365566693214285,-24.932954223236283,61.01474651088719,10.365566693214285,10.365566693214285,8.456962843527327,8.456962843527327,8.456962843527327,8.456962843527327,8.456962843527327,8.456962843527327,0.0,0.0,0.0,18.822529536741612
2023-02-12 05:00:00,10.420492174285714,-27.776543630373748,60.829773345082764,10.420492174285714,10.420492174285714,8.42628167807784,8.42628167807784,8.42628167807784,8.42628167807784,8.42628167807784,8.42628167807784,0.0,0.0,0.0,18.846773852363555
2023-02-13 05:00:00,10.475417655357143,-35.17160212518662,54.11999079014567,10.475417655357143,10.475417655357143,-4.773552084280557,-4.773552084280557,-4.773552084280557,-4.773552084280557,-4.773552084280557,-4.773552084280557,0.0,0.0,0.0,5.701865571076586
2023-02-14 05:00:00,10.530343136428572,-41.40327200208689,47.74646475169482,10.530343136428572,10.530343136428572,-5.208005827520862,-5.208005827520862,-5.208005827520862,-5.208005827520862,-5.208005827520862,-5.208005827520862,0.0,0.0,0.0,5.32233730890771
2023-02-15 05:00:00,10.5852686175,-38.70740779543491,50.557902317612886,10.5852686175,10.5852686175,-4.115366704619805,-4.115366704619805,-4.115366704619805,-4.115366704619805,-4.115366704619805,-4.115366704619805,0.0,0.0,0.0,6.469901912880196
2023-02-16 05:00:00,10.64019409857143,-33.847545329768266,50.73549439311709,10.64019409857143,10.64019409857143,-3.0034010532739948,-3.0034010532739948,-3.0034010532739948,-3.0034010532739948,-3.0034010532739948,-3.0034010532739948,0.0,0.0,0.0,7.636793045297434
2023-02-17 05:00:00,10.695119579642856,-32.40193968621929,51.57618289756347,10.695119579642856,10.695119579642856,0.21708114809999732,0.21708114809999732,0.21708114809999732,0.21708114809999732,0.21708114809999732,0.21708114809999732,0.0,0.0,0.0,10.912200727742853
2023-02-18 05:00:00,10.750045060714285,-24.354579942079447,61.69085102121886,10.750045060714285,10.750045060714285,8.456962843529919,8.456962843529919,8.456962843529919,8.456962843529919,8.456962843529919,8.456962843529919,0.0,0.0,0.0,19.207007904244204
2023-02-19 05:00:00,10.804970541785714,-26.784395171126146,62.734147584847236,10.804970541785714,10.804970541785714,8.426281678066998,8.426281678066998,8.426281678066998,8.426281678066998,8.426281678066998,8.426281678066998,0.0,0.0,0.0,19.231252219852713
2023-02-20 05:00:00,10.804066219285716,-40.556651229721496,49.52431406138168,10.804066219285716,10.804066219285716,-4.77355208424958,-4.77355208424958,-4.77355208424958,-4.77355208424958,-4.77355208424958,-4.77355208424958,0.0,0.0,0.0,6.030514135036135
2023-02-21 05:00:00,10.803161896785713,-38.56158393556048,49.557835876571616,10.803161896785713,10.803161896785713,-5.2080058275195595,-5.2080058275195595,-5.2080058275195595,-5.2080058275195595,-5.2080058275195595,-5.2080058275195595,0.0,0.0,0.0,5.595156069266154
2023-02-22 05:00:00,10.802257574285715,-37.516703831939765,50.3356129031481,10.802257574285715,10.802257574285715,-4.115366704623256,-4.115366704623256,-4.115366704623256,-4.115366704623256,-4.115366704623256,-4.115366704623256,0.0,0.0,0.0,6.686890869662459
2023-02-23 05:00:00,10.801353251785715,-36.74501275930568,48.61243957709967,10.801353251785715,10.801353251785715,-3.003401053267773,-3.003401053267773,-3.003401053267773,-3.003401053267773,-3.003401053267773,-3.003401053267773,0.0,0.0,0.0,7.797952198517942
2023-02-24 05:00:00,10.800448929285714,-33.403269586649174,54.57510209815284,10.800448929285714,10.800448929285714,0.21708114811731954,0.21708114811731954,0.21708114811731954,0.21708114811731954,0.21708114811731954,0.21708114811731954,0.0,0.0,0.0,11.017530077403034
2023-02-25 05:00:00,10.799544606785714,-22.094297289229228,62.64713918828456,10.799544606785714,10.799544606785714,8.456962843500051,8.456962843500051,8.456962843500051,8.456962843500051,8.456962843500051,8.456962843500051,0.0,0.0,0.0,19.256507450285767
2023-02-26 05:00:00,10.798640284285714,-23.313345077914963,62.36920945589982,10.798640284285714,10.798640284285714,8.426281678066898,8.426281678066898,8.426281678066898,8.426281678066898,8.426281678066898,8.426281678066898,0.0,0.0,0.0,19.22492196235261
2023-02-27 05:00:00,10.797735961785715,-40.35722266810665,47.631180136353706,10.797735961785715,10.797735961785715,-4.7735520842565435,-4.7735520842565435,-4.7735520842565435,-4.7735520842565435,-4.7735520842565435,-4.7735520842565435,0.0,0.0,0.0,6.024183877529172
2023-02-28 05:00:00,10.796831639285715,-37.976230383568236,50.48347068924178,10.796831639285715,10.796831639285715,-5.208005827515785,-5.208005827515785,-5.208005827515785,-5.208005827515785,-5.208005827515785,-5.208005827515785,0.0,0.0,0.0,5.58882581176993
2023-03-01 05:00:00,10.795927316785715,-39.14735510876051,50.770525669451224,10.795927316785715,10.795927316785715,-4.115366704620644,-4.115366704620644,-4.115366704620644,-4.115366704620644,-4.115366704620644,-4.115366704620644,0.0,0.0,0.0,6.6805606121650705
2023-03-02 05:00:00,10.795022994285716,-33.206502230407196,52.43158953193209,10.795022994285716,10.795022994285716,-3.0034010532615514,-3.0034010532615514,-3.0034010532615514,-3.0034010532615514,-3.0034010532615514,-3.0034010532615514,0.0,0.0,0.0,7.7916219410241645
2023-03-03 05:00:00,10.674681600357145,-33.06102258183064,60.14920591917832,10.674681600357145,10.674681600357145,0.21708114808288262,0.21708114808288262,0.21708114808288262,0.21708114808288262,0.21708114808288262,0.21708114808288262,0.0,0.0,0.0,10.891762748440028
2023-03-04 05:00:00,10.554340206428572,-25.403993559083258,60.348508310332676,10.554340206428572,10.554340206428572,8.456962843502644,8.456962843502644,8.456962843502644,8.456962843502644,8.456962843502644,8.456962843502644,0.0,0.0,0.0,19.011303049931215
2023-03-05 05:00:00,10.4339988125,-25.651145117901986,63.13254289881703,10.4339988125,10.4339988125,8.426281678056055,8.426281678056055,8.426281678056055,8.426281678056055,8.426281678056055,8.426281678056055,0.0,0.0,0.0,18.860280490556057
2023-03-06 05:00:00,10.31365741857143,-36.47920504918059,48.60501482590304,10.31365741857143,10.31365741857143,-4.7735520842618975,-4.7735520842618975,-4.7735520842618975,-4.7735520842618975,-4.7735520842618975,-4.7735520842618975,0.0,0.0,0.0,5.540105334309532
2023-03-07 05:00:00,10.193316024642858,-37.36092585849097,49.99896078219056,10.193316024642858,10.193316024642858,-5.2080058275169545,-5.2080058275169545,-5.2080058275169545,-5.2080058275169545,-5.2080058275169545,-5.2080058275169545,0.0,0.0,0.0,4.985310197125903
2023-03-08 05:00:00,10.072974630714286,-38.21286246326003,50.197013532964704,10.072974630714286,10.072974630714286,-4.115366704624813,-4.115366704624813,-4.115366704624813,-4.115366704624813,-4.115366704624813,-4.115366704624813,0.0,0.0,0.0,5.957607926089474
2023-03-09 05:00:00,9.952633236785715,-36.81853643393006,48.37252103560861,9.952633236785715,9.952633236785715,-3.0034010532722304,-3.0034010532722304,-3.0034010532722304,-3.0034010532722304,-3.0034010532722304,-3.0034010532722304,0.0,0.0,0.0,6.949232183513485
2023-03-10 05:00:00,9.832291842857144,-33.12228227689956,52.904035244232176,9.832291842857144,9.832291842857144,0.21708114809103835,0.21708114809103835,0.21708114809103835,0.21708114809103835,0.21708114809103835,0.21708114809103835,0.0,0.0,0.0,10.049372990948182
2023-03-11 05:00:00,9.711950448928572,-24.730486070701083,62.81011441214376,9.711950448928572,9.711950448928572,8.456962843513303,8.456962843513303,8.456962843513303,8.456962843513303,8.456962843513303,8.456962843513303,0.0,0.0,0.0,18.168913292441875
2023-03-12 05:00:00,9.591609055000001,-29.16915265809154,60.51054387238023,9.591609055000001,9.591609055000001,8.426281678050584,8.426281678050584,8.426281678050584,8.426281678050584,8.426281678050584,8.426281678050584,0.0,0.0,0.0,18.017890733050585
2023-03-13 05:00:00,9.471267661071428,-39.12303474860436,48.961902727286734,9.471267661071428,9.471267661071428,-4.773552084267251,-4.773552084267251,-4.773552084267251,-4.773552084267251,-4.773552084267251,-4.773552084267251,0.0,0.0,0.0,4.6977155768041765
2023-03-14 05:00:00,9.351224807142856,-40.25083907081029,49.08312915751527,9.351224807142856,9.351224807142856,-5.2080058275234515,-5.2080058275234515,-5.2080058275234515,-5.2080058275234515,-5.2080058275234515,-5.2080058275234515,0.0,0.0,0.0,4.143218979619404
2023-03-15 05:00:00,9.231181953214286,-36.0332819002566,47.66894101012846,9.231181953214286,9.231181953214286,-4.115366704622203,-4.115366704622203,-4.115366704622203,-4.115366704622203,-4.115366704622203,-4.115366704622203,0.0,0.0,0.0,5.1158152485920825
2023-03-16 05:00:00,9.111139099285712,-37.88432658289332,47.80310697100059,9.111139099285712,9.111139099285712,-3.003401053266007,-3.003401053266007,-3.003401053266007,-3.003401053266007,-3.003401053266007,-3.003401053266007,0.0,0.0,0.0,6.107738046019705
2023-03-17 05:00:00,8.991096245357141,-31.516056388378566,54.33033383447515,8.991096245357141,8.991096245357141,0.21708114809002813,0.21708114809002813,0.21708114809002813,0.21708114809002813,0.21708114809002813,0.21708114809002813,0.0,0.0,0.0,9.20817739344717
2023-03-18 05:00:00,8.871053391428571,-23.06836374796751,61.115411172082425,8.871053391428571,8.871053391428571,8.456962843515896,8.456962843515896,8.456962843515896,8.456962843515896,8.456962843515896,8.456962843515896,0.0,0.0,0.0,17.328016234944467
2023-03-19 05:00:00,8.7510105375,-24.97571025734159,59.0083542100117,8.7510105375,8.7510105375,8.42628167808198,8.42628167808198,8.42628167808198,8.42628167808198,8.42628167808198,8.42628167808198,0.0,0.0,0.0,17.17729221558198
2023-03-20 05:00:00,8.630967683571427,-39.98783342364919,50.707675909343806,8.630967683571427,8.630967683571427,-4.773552084275824,-4.773552084275824,-4.773552084275824,-4.773552084275824,-4.773552084275824,-4.773552084275824,0.0,0.0,0.0,3.857415599295603
2023-03-21 05:00:00,8.510924829642857,-39.29976877987673,44.85357972021982,8.510924829642857,8.510924829642857,-5.20800582752462,-5.20800582752462,-5.20800582752462,-5.20800582752462,-5.20800582752462,-5.20800582752462,0.0,0.0,0.0,3.3029190021182364
2023-03-22 05:00:00,8.390881975714285,-39.539089916729495,48.070570030628794,8.390881975714285,8.390881975714285,-4.115366704625654,-4.115366704625654,-4.115366704625654,-4.115366704625654,-4.115366704625654,-4.115366704625654,0.0,0.0,0.0,4.275515271088631
2023-03-23 05:00:00,8.270839121785713,-40.86744792764605,46.320199161683945,8.270839121785713,8.270839121785713,-3.003401053268235,-3.003401053268235,-3.003401053268235,-3.003401053268235,-3.003401053268235,-3.003401053268235,0.0,0.0,0.0,5.267438068517478
2023-03-24 05:00:00,8.194185710714285,-35.69828349250333,52.79962027595532,8.194185710714285,8.194185710714285,0.21708114808901796,0.21708114808901796,0.21708114808901796,0.21708114808901796,0.21708114808901796,0.21708114808901796,0.0,0.0,0.0,8.411266858803303
2023-03-25 05:00:00,8.117532299642855,-25.17684040730475,58.63550207846611,8.117532299642855,8.117532299642855,8.45696284352656,8.45696284352656,8.45696284352656,8.45696284352656,8.45696284352656,8.45696284352656,0.0,0.0,0.0,16.574495143169415
2023-03-26 05:00:00,8.040878888571427,-27.073221831605775,58.97982331830381,8.040878888571427,8.040878888571427,8.426281678076506,8.426281678076506,8.426281678076506,8.426281678076506,8.426281678076506,8.426281678076506,0.0,0.0,0.0,16.467160566647934
2023-03-27 05:00:00,7.9642254774999985,-42.31047819966256,49.33457246901079,7.9642254774999985,7.9642254774999985,-4.773552084281178,-4.773552084281178,-4.773552084281178,-4.773552084281178,-4.773552084281178,-4.773552084281178,0.0,0.0,0.0,3.1906733932188205
2023-03-28 05:00:00,7.88757206642857,-43.896158835597376,44.726133365262285,7.88757206642857,7.88757206642857,-5.2080058275208465,-5.2080058275208465,-5.2080058275208465,-5.2080058275208465,-5.2080058275208465,-5.2080058275208465,0.0,0.0,0.0,2.6795662389077233
2023-03-29 05:00:00,7.810918655357142,-42.84200146733438,50.29905249631085,7.810918655357142,7.810918655357142,-4.115366704623042,-4.115366704623042,-4.115366704623042,-4.115366704623042,-4.115366704623042,-4.115366704623042,0.0,0.0,0.0,3.6955519507340995
2023-03-30 05:00:00,7.734265244285712,-41.382911188742696,51.52100444537781,7.734265244285712,7.734265244285712,-3.0034010532687865,-3.0034010532687865,-3.0034010532687865,-3.0034010532687865,-3.0034010532687865,-3.0034010532687865,0.0,0.0,0.0,4.730864191016925
2023-03-31 05:00:00,7.657611833214285,-34.708966483228245,52.332621137427694,7.657611833214285,7.657611833214285,0.21708114808207987,0.21708114808207987,0.21708114808207987,0.21708114808207987,0.21708114808207987,0.21708114808207987,0.0,0.0,0.0,7.8746929812963655
2023-04-01 05:00:00,7.580958422142855,-26.691522399245493,59.267482653469486,7.580958422142855,7.580958422142855,8.456962843521083,8.456962843521083,8.456962843521083,8.456962843521083,8.456962843521083,8.456962843521083,0.0,0.0,0.0,16.03792126566394
2023-04-02 05:00:00,7.504305011071428,-27.509584944279677,59.734267283271116,7.504305011071428,7.504305011071428,8.426281678065665,8.426281678065665,8.426281678065665,8.426281678065665,8.426281678065665,8.426281678065665,0.0,0.0,0.0,15.930586689137094
2023-04-03 05:00:00,7.427651599999999,-40.60157456449209,49.49708005415354,7.427651599999999,7.427651599999999,-4.7735520842881405,-4.7735520842881405,-4.7735520842881405,-4.7735520842881405,-4.7735520842881405,-4.7735520842881405,0.0,0.0,0.0,2.6540995157118585
2023-04-04 05:00:00,7.432770292499998,-39.971373152708836,43.84550230071194,7.432770292499998,7.432770292499998,-5.208005827529816,-5.208005827529816,-5.208005827529816,-5.208005827529816,-5.208005827529816,-5.208005827529816,0.0,0.0,0.0,2.224764464970182
2023-04-05 05:00:00,7.437888984999998,-44.03819096407439,45.03799091788218,7.437888984999998,7.437888984999998,-4.115366704626492,-4.115366704626492,-4.115366704626492,-4.115366704626492,-4.115366704626492,-4.115366704626492,0.0,0.0,0.0,3.322522280373506
2023-04-06 05:00:00,7.443007677499999,-37.995085135840675,50.303323508570045,7.443007677499999,7.443007677499999,-3.0034010532710145,-3.0034010532710145,-3.0034010532710145,-3.0034010532710145,-3.0034010532710145,-3.0034010532710145,0.0,0.0,0.0,4.439606624228984
2023-04-07 05:00:00,7.448126369999998,-34.36116710437746,50.040668610147,7.448126369999998,7.448126369999998,0.21708114809023568,0.21708114809023568,0.21708114809023568,0.21708114809023568,0.21708114809023568,0.21708114809023568,0.0,0.0,0.0,7.6652075180902335
2023-04-08 05:00:00,7.453245062499998,-30.22529920153581,59.172654020382026,7.453245062499998,7.453245062499998,8.456962843531745,8.456962843531745,8.456962843531745,8.456962843531745,8.456962843531745,8.456962843531745,0.0,0.0,0.0,15.910207906031744
2023-04-09 05:00:00,7.458363754999999,-25.11632565319398,58.72495960831765,7.458363754999999,7.458363754999999,8.426281678060196,8.426281678060196,8.426281678060196,8.426281678060196,8.426281678060196,8.426281678060196,0.0,0.0,0.0,15.884645433060195
2023-04-10 05:00:00,7.463482447499998,-42.85834022129878,44.2739884693559,7.463482447499998,7.463482447499998,-4.773552084258772,-4.773552084258772,-4.773552084258772,-4.773552084258772,-4.773552084258772,-4.773552084258772,0.0,0.0,0.0,2.689930363241226
2023-04-11 05:00:00,7.468601139999998,-39.79771082827713,46.701681578603626,7.468601139999998,7.468601139999998,-5.208005827528513,-5.208005827528513,-5.208005827528513,-5.208005827528513,-5.208005827528513,-5.208005827528513,0.0,0.0,0.0,2.2605953124714846
2023-04-12 05:00:00,7.473719832499999,-38.95409928332408,45.35846212147424,7.473719832499999,7.473719832499999,-4.115366704617821,-4.115366704617821,-4.115366704617821,-4.115366704617821,-4.115366704617821,-4.115366704617821,0.0,0.0,0.0,3.358353127882178
2023-04-13 05:00:00,7.478838524999998,-40.309646291688345,51.11498288115554,7.478838524999998,7.478838524999998,-3.0034010532647923,-3.0034010532647923,-3.0034010532647923,-3.0034010532647923,-3.0034010532647923,-3.0034010532647923,0.0,0.0,0.0,4.475437471735205
2023-04-14 05:00:00,7.483957217499998,-36.69135593571146,47.9808365082837,7.483957217499998,7.483957217499998,0.21708114808922546,0.21708114808922546,0.21708114808922546,0.21708114808922546,0.21708114808922546,0.21708114808922546,0.0,0.0,0.0,7.701038365589223
2023-04-15 05:00:00,7.4933982499999985,-27.67473903270923,58.26120630111074,7.4933982499999985,7.4933982499999985,8.456962843509942,8.456962843509942,8.456962843509942,8.456962843509942,8.456962843509942,8.456962843509942,0.0,0.0,0.0,15.95036109350994
2023-04-16 05:00:00,7.502839282499999,-25.633435444473434,58.12042192841751,7.502839282499999,7.502839282499999,8.426281678049353,8.426281678049353,8.426281678049353,8.426281678049353,8.426281678049353,8.426281678049353,0.0,0.0,0.0,15.929120960549351
2023-04-17 05:00:00,7.512280314999999,-40.39594931780106,47.67426963607679,7.512280314999999,7.512280314999999,-4.773552084265735,-4.773552084265735,-4.773552084265735,-4.773552084265735,-4.773552084265735,-4.773552084265735,0.0,0.0,0.0,2.7387282307342637
2023-04-18 05:00:00,7.521721347499999,-44.08861350003911,46.022163969700266,7.521721347499999,7.521721347499999,-5.208005827527209,-5.208005827527209,-5.208005827527209,-5.208005827527209,-5.208005827527209,-5.208005827527209,0.0,0.0,0.0,2.3137155199727895
2023-04-19 05:00:00,7.531162379999999,-40.501685501002676,46.38318381252343,7.531162379999999,7.531162379999999,-4.115366704621271,-4.115366704621271,-4.115366704621271,-4.115366704621271,-4.115366704621271,-4.115366704621271,0.0,0.0,0.0,3.4157956753787273
2023-04-20 05:00:00,7.5406034124999985,-39.82203127442521,46.36817353805428,7.5406034124999985,7.5406034124999985,-3.0034010532670203,-3.0034010532670203,-3.0034010532670203,-3.0034010532670203,-3.0034010532670203,-3.0034010532670203,0.0,0.0,0.0,4.537202359232978
2023-04-21 05:00:00,7.550044444999998,-37.092760381088524,51.543694679900014,7.550044444999998,7.550044444999998,0.21708114808821505,0.21708114808821505,0.21708114808821505,0.21708114808821505,0.21708114808821505,0.21708114808821505,0.0,0.0,0.0,7.767125593088213
2023-04-22 05:00:00,7.559485477499998,-26.734622517009644,60.7337751172972,7.559485477499998,7.559485477499998,8.456962843512535,8.456962843512535,8.456962843512535,8.456962843512535,8.456962843512535,8.456962843512535,0.0,0.0,0.0,16.016448321012533
2023-04-23 05:00:00,7.568926509999998,-30.32469683056618,61.58482842185139,7.568926509999998,7.568926509999998,8.426281678049252,8.426281678049252,8.426281678049252,8.426281678049252,8.426281678049252,8.426281678049252,0.0,0.0,0.0,15.99520818804925
2023-04-24 05:00:00,7.578367542499998,-42.01518295215046,45.34941409167179,7.578367542499998,7.578367542499998,-4.773552084272698,-4.773552084272698,-4.773552084272698,-4.773552084272698,-4.773552084272698,-4.773552084272698,0.0,0.0,0.0,2.8048154582273
2023-04-25 05:00:00,7.5878085749999995,-39.872671772004765,47.01286500576865,7.5878085749999995,7.5878085749999995,-5.208005827523438,-5.208005827523438,-5.208005827523438,-5.208005827523438,-5.208005827523438,-5.208005827523438,0.0,0.0,0.0,2.3798027474765613
2023-04-26 05:00:00,7.597345644539286,-39.38635294126939,48.91410111517504,7.597345644539286,7.597345644539286,-4.11536670462544,-4.11536670462544,-4.11536670462544,-4.11536670462544,-4.11536670462544,-4.11536670462544,0.0,0.0,0.0,3.481978939913846
2023-04-27 05:00:00,7.606882714078571,-35.0075454089811,49.458835932453695,7.606882714078571,7.606882714078571,-3.003401053267572,-3.003401053267572,-3.003401053267572,-3.003401053267572,-3.003401053267572,-3.003401053267572,0.0,0.0,0.0,4.603481660810999
2023-04-28 05:00:00,7.616419783617857,-33.623277756645976,50.4878107879216,7.616419783617857,7.616419783617857,0.21708114809637133,0.21708114809637133,0.21708114809637133,0.21708114809637133,0.21708114809637133,0.21708114809637133,0.0,0.0,0.0,7.833500931714228
2023-04-29 05:00:00,7.625956853157142,-28.451299650744012,60.41014903415353,7.625956853157142,7.625956853157142,8.456962843515127,8.456962843515127,8.456962843515127,8.456962843515127,8.456962843515127,8.456962843515127,0.0,0.0,0.0,16.08291969667227
2023-04-30 05:00:00,7.635493922696428,-27.79578337284307,60.488256328022324,7.635493922696428,7.635493922696428,8.42628167803841,8.42628167803841,8.42628167803841,8.42628167803841,8.42628167803841,8.42628167803841,0.0,0.0,0.0,16.06177560073484
2023-05-01 05:00:00,7.645030992235713,-39.5072530061286,47.48006947177354,7.645030992235713,7.645030992235713,-4.77355208424333,-4.77355208424333,-4.77355208424333,-4.77355208424333,-4.77355208424333,-4.77355208424333,0.0,0.0,0.0,2.8714789079923833
2023-05-02 05:00:00,7.654568061775,-37.974550665880464,47.761535504160236,7.654568061775,7.654568061775,-5.208005827519664,-5.208005827519664,-5.208005827519664,-5.208005827519664,-5.208005827519664,-5.208005827519664,0.0,0.0,0.0,2.4465622342553353
2023-05-03 05:00:00,7.664105131314285,-41.36858505115721,47.08994265280127,7.664105131314285,7.664105131314285,-4.115366704622828,-4.115366704622828,-4.115366704622828,-4.115366704622828,-4.115366704622828,-4.115366704622828,0.0,0.0,0.0,3.5487384266914566
2023-05-04 05:00:00,7.673642200853571,-38.37161207293939,46.98130769855496,7.673642200853571,7.673642200853571,-3.0034010532782496,-3.0034010532782496,-3.0034010532782496,-3.0034010532782496,-3.0034010532782496,-3.0034010532782496,0.0,0.0,0.0,4.670241147575322
2023-05-05 05:00:00,7.683179270392856,-35.13615330351144,50.169532519189985,7.683179270392856,7.683179270392856,0.2170811481045271,0.2170811481045271,0.2170811481045271,0.2170811481045271,0.2170811481045271,0.2170811481045271,0.0,0.0,0.0,7.900260418497383
2023-05-06 05:00:00,7.692716339932142,-24.644493191536124,62.27917277866698,7.692716339932142,7.692716339932142,8.456962843525789,8.456962843525789,8.456962843525789,8.456962843525789,8.456962843525789,8.456962843525789,0.0,0.0,0.0,16.14967918345793
2023-05-07 05:00:00,7.701757101471428,-26.55788111972132,59.17855345649498,7.701757101471428,7.701757101471428,8.426281678069804,8.426281678069804,8.426281678069804,8.426281678069804,8.426281678069804,8.426281678069804,0.0,0.0,0.0,16.12803877954123
2023-05-08 05:00:00,7.710797863010713,-39.98997975667892,45.004471526802774,7.710797863010713,7.710797863010713,-4.773552084248685,-4.773552084248685,-4.773552084248685,-4.773552084248685,-4.773552084248685,-4.773552084248685,0.0,0.0,0.0,2.937245778762028
2023-05-09 05:00:00,7.719838624549999,-41.781483834490714,46.02028747127522,7.719838624549999,7.719838624549999,-5.2080058275183605,-5.2080058275183605,-5.2080058275183605,-5.2080058275183605,-5.2080058275183605,-5.2080058275183605,0.0,0.0,0.0,2.511832797031638
2023-05-10 05:00:00,7.728879386089285,-40.16473418952341,49.65047075340977,7.728879386089285,7.728879386089285,-4.115366704620219,-4.115366704620219,-4.115366704620219,-4.115366704620219,-4.115366704620219,-4.115366704620219,0.0,0.0,0.0,3.613512681469066
2023-05-11 05:00:00,7.737920147628571,-38.237503933154095,47.71891446700235,7.737920147628571,7.737920147628571,-3.0034010532720283,-3.0034010532720283,-3.0034010532720283,-3.0034010532720283,-3.0034010532720283,-3.0034010532720283,0.0,0.0,0.0,4.734519094356543
2023-05-12 05:00:00,7.746960909167856,-36.2983296565795,52.80615142872043,7.746960909167856,7.746960909167856,0.21708114807925602,0.21708114807925602,0.21708114807925602,0.21708114807925602,0.21708114807925602,0.21708114807925602,0.0,0.0,0.0,7.964042057247112
2023-05-13 05:00:00,7.756001670707143,-31.181765035647782,57.78054189610434,7.756001670707143,7.756001670707143,8.456962843536449,8.456962843536449,8.456962843536449,8.456962843536449,8.456962843536449,8.456962843536449,0.0,0.0,0.0,16.21296451424359
2023-05-14 05:00:00,7.765042432246428,-27.62989691788154,60.394145513012035,7.765042432246428,7.765042432246428,8.426281678064335,8.426281678064335,8.426281678064335,8.426281678064335,8.426281678064335,8.426281678064335,0.0,0.0,0.0,16.191324110310763
2023-05-15 05:00:00,7.774083193785713,-38.06660101216516,46.25128429126515,7.774083193785713,7.774083193785713,-4.773552084257256,-4.773552084257256,-4.773552084257256,-4.773552084257256,-4.773552084257256,-4.773552084257256,0.0,0.0,0.0,3.000531109528457
2023-05-16 05:00:00,7.783123955325,-41.861673604673214,47.446602308284,7.783123955325,7.783123955325,-5.208005827517059,-5.208005827517059,-5.208005827517059,-5.208005827517059,-5.208005827517059,-5.208005827517059,0.0,0.0,0.0,2.575118127807941
2023-05-17 05:00:00,7.791374588864286,-33.7093115458561,47.946797777510156,7.791374588864286,7.791374588864286,-4.115366704623669,-4.115366704623669,-4.115366704623669,-4.115366704623669,-4.115366704623669,-4.115366704623669,0.0,0.0,0.0,3.676007884240617
2023-05-18 05:00:00,7.799625222403571,-37.80627111320654,52.82195676159858,7.799625222403571,7.799625222403571,-3.0034010532742563,-3.0034010532742563,-3.0034010532742563,-3.0034010532742563,-3.0034010532742563,-3.0034010532742563,0.0,0.0,0.0,4.796224169129315
2023-05-19 05:00:00,7.807875855942857,-36.330777024411134,52.10923502292802,7.807875855942857,7.807875855942857,0.2170811480782458,0.2170811480782458,0.2170811480782458,0.2170811480782458,0.2170811480782458,0.2170811480782458,0.0,0.0,0.0,8.024957004021102
2023-05-20 05:00:00,7.816126489482143,-29.868355773389816,60.75725660653507,7.816126489482143,7.816126489482143,8.45696284353904,8.45696284353904,8.45696284353904,8.45696284353904,8.45696284353904,8.45696284353904,0.0,0.0,0.0,16.273089333021183
2023-05-21 05:00:00,7.824377123021429,-27.68543941487514,58.13812929734224,7.824377123021429,7.824377123021429,8.426281678058862,8.426281678058862,8.426281678058862,8.426281678058862,8.426281678058862,8.426281678058862,0.0,0.0,0.0,16.25065880108029
2023-05-22 05:00:00,7.832627756560714,-40.84429276728295,46.34854169032624,7.832627756560714,7.832627756560714,-4.773552084262611,-4.773552084262611,-4.773552084262611,-4.773552084262611,-4.773552084262611,-4.773552084262611,0.0,0.0,0.0,3.0590756722981034
2023-05-23 05:00:00,7.840878390099999,-40.779510111843734,47.71584191508913,7.840878390099999,7.840878390099999,-5.208005827526028,-5.208005827526028,-5.208005827526028,-5.208005827526028,-5.208005827526028,-5.208005827526028,0.0,0.0,0.0,2.6328725625739713
2023-05-24 05:00:00,7.849129023639286,-42.84034522755321,48.30108429625673,7.849129023639286,7.849129023639286,-4.115366704621777,-4.115366704621777,-4.115366704621777,-4.115366704621777,-4.115366704621777,-4.115366704621777,0.0,0.0,0.0,3.733762319017509
2023-05-25 05:00:00,7.857379657178571,-35.15776878515879,49.491779720453145,7.857379657178571,7.857379657178571,-3.0034010532680337,-3.0034010532680337,-3.0034010532680337,-3.0034010532680337,-3.0034010532680337,-3.0034010532680337,0.0,0.0,0.0,4.853978603910537
2023-05-26 05:00:00,7.865630290717857,-36.622052475065175,52.003598528700465,7.865630290717857,7.865630290717857,0.21708114809556925,0.21708114809556925,0.21708114809556925,0.21708114809556925,0.21708114809556925,0.21708114809556925,0.0,0.0,0.0,8.082711438813426
2023-05-27 05:00:00,7.873880924257143,-27.398712385672656,61.8455944353752,7.873880924257143,7.873880924257143,8.456962843541634,8.456962843541634,8.456962843541634,8.456962843541634,8.456962843541634,8.456962843541634,0.0,0.0,0.0,16.330843767798775
2023-05-28 05:00:00,7.880589468475001,-26.259481879377034,61.96120802466661,7.880589468475001,7.880589468475001,8.426281678090255,8.426281678090255,8.426281678090255,8.426281678090255,8.426281678090255,8.426281678090255,0.0,0.0,0.0,16.306871146565257
2023-05-29 05:00:00,7.887298012692857,-39.344258339148574,44.78785775384022,7.887298012692857,7.887298012692857,-4.773552084269574,-4.773552084269574,-4.773552084269574,-4.773552084269574,-4.773552084269574,-4.773552084269574,0.0,0.0,0.0,3.113745928423283
2023-05-30 05:00:00,7.894006556910714,-35.70084355081088,49.48139371825375,7.894006556910714,7.894006556910714,-5.208005827522256,-5.208005827522256,-5.208005827522256,-5.208005827522256,-5.208005827522256,-5.208005827522256,0.0,0.0,0.0,2.686000729388458
2023-05-31 05:00:00,7.900715101128571,-40.534151820222924,44.2894887002089,7.900715101128571,7.900715101128571,-4.1153667046252265,-4.1153667046252265,-4.1153667046252265,-4.1153667046252265,-4.1153667046252265,-4.1153667046252265,0.0,0.0,0.0,3.7853483965033448
2023-06-01 05:00:00,7.907423645346428,-40.19439029477065,46.62923135381271,7.907423645346428,7.907423645346428,-3.003401053270262,-3.003401053270262,-3.003401053270262,-3.003401053270262,-3.003401053270262,-3.003401053270262,0.0,0.0,0.0,4.904022592076166
2023-06-02 05:00:00,7.914132189564285,-34.63203197686098,53.03937858887212,7.914132189564285,7.914132189564285,0.2170811480945589,0.2170811480945589,0.2170811480945589,0.2170811480945589,0.2170811480945589,0.2170811480945589,0.0,0.0,0.0,8.131213337658844
2023-06-03 05:00:00,7.920840733782143,-28.240386868408716,62.50858743700048,7.920840733782143,7.920840733782143,8.456962843519833,8.456962843519833,8.456962843519833,8.456962843519833,8.456962843519833,8.456962843519833,0.0,0.0,0.0,16.377803577301975
2023-06-04 05:00:00,7.927549278,-30.427873039242186,61.35380606513419,7.927549278,7.927549278,8.426281678084784,8.426281678084784,8.426281678084784,8.426281678084784,8.426281678084784,8.426281678084784,0.0,0.0,0.0,16.353830956084785
2023-06-05 05:00:00,7.934257822217856,-39.63355996339307,48.293030509847775,7.934257822217856,7.934257822217856,-4.773552084274928,-4.773552084274928,-4.773552084274928,-4.773552084274928,-4.773552084274928,-4.773552084274928,0.0,0.0,0.0,3.160705737942928
2023-06-06 05:00:00,7.940966366435714,-42.83862718610141,44.906162220333044,7.940966366435714,7.940966366435714,-5.208005827523422,-5.208005827523422,-5.208005827523422,-5.208005827523422,-5.208005827523422,-5.208005827523422,0.0,0.0,0.0,2.732960538912292
2023-06-07 05:00:00,7.947674910653574,-41.48430527066476,44.12475604699591,7.947674910653574,7.947674910653574,-4.115366704616555,-4.115366704616555,-4.115366704616555,-4.115366704616555,-4.115366704616555,-4.115366704616555,0.0,0.0,0.0,3.832308206037019
2023-06-08 05:00:00,7.953326292871431,-37.957632040000995,50.609739082993364,7.953326292871431,7.953326292871431,-3.003401053270813,-3.003401053270813,-3.003401053270813,-3.003401053270813,-3.003401053270813,-3.003401053270813,0.0,0.0,0.0,4.949925239600618
2023-06-09 05:00:00,7.9589776750892876,-35.83239278680526,49.837515080760554,7.9589776750892876,7.9589776750892876,0.21708114810271456,0.21708114810271456,0.21708114810271456,0.21708114810271456,0.21708114810271456,0.21708114810271456,0.0,0.0,0.0,8.176058823192003
2023-06-10 05:00:00,7.964629057307145,-27.234420959085565,63.24777348758028,7.964629057307145,7.964629057307145,8.456962843522428,8.456962843522428,8.456962843522428,8.456962843522428,8.456962843522428,8.456962843522428,0.0,0.0,0.0,16.421591900829572
2023-06-11 05:00:00,7.970280439525002,-26.803206649536442,61.54956743481679,7.970280439525002,7.970280439525002,8.426281678073945,8.426281678073945,8.426281678073945,8.426281678073945,8.426281678073945,8.426281678073945,0.0,0.0,0.0,16.396562117598947
2023-06-12 05:00:00,7.975931821742859,-41.15169391450665,50.60805729088241,7.975931821742859,7.975931821742859,-4.773552084281891,-4.773552084281891,-4.773552084281891,-4.773552084281891,-4.773552084281891,-4.773552084281891,0.0,0.0,0.0,3.2023797374609675
2023-06-13 05:00:00,7.981583203960717,-41.99214952387696,46.73173312262657,7.981583203960717,7.981583203960717,-5.208005827519648,-5.208005827519648,-5.208005827519648,-5.208005827519648,-5.208005827519648,-5.208005827519648,0.0,0.0,0.0,2.773577376441069
2023-06-14 05:00:00,7.987234586178574,-38.562201292681884,50.8979999668663,7.987234586178574,7.987234586178574,-4.115366704620006,-4.115366704620006,-4.115366704620006,-4.115366704620006,-4.115366704620006,-4.115366704620006,0.0,0.0,0.0,3.8718678815585683
2023-06-15 05:00:00,7.992885968396431,-36.86235948701742,51.71674326850425,7.992885968396431,7.992885968396431,-3.0034010532730413,-3.0034010532730413,-3.0034010532730413,-3.0034010532730413,-3.0034010532730413,-3.0034010532730413,0.0,0.0,0.0,4.9894849151233895
2023-06-16 05:00:00,7.998537350614288,-34.90878325130176,53.83467195835642,7.998537350614288,7.998537350614288,0.21708114810170376,0.21708114810170376,0.21708114810170376,0.21708114810170376,0.21708114810170376,0.21708114810170376,0.0,0.0,0.0,8.215618498715992
2023-06-17 05:00:00,8.004188732832146,-26.516108766136938,59.737983171891386,8.004188732832146,8.004188732832146,8.45696284352502,8.45696284352502,8.45696284352502,8.45696284352502,8.45696284352502,8.45696284352502,0.0,0.0,0.0,16.461151576357167
2023-06-18 05:00:00,8.00984011505,-26.655453982297573,59.097095323529544,8.00984011505,8.00984011505,8.426281678073842,8.426281678073842,8.426281678073842,8.426281678073842,8.426281678073842,8.426281678073842,0.0,0.0,0.0,16.436121793123842
2023-06-19 05:00:00,7.978442657982145,-41.67437913750763,44.69212889860384,7.978442657982145,7.978442657982145,-4.773552084252522,-4.773552084252522,-4.773552084252522,-4.773552084252522,-4.773552084252522,-4.773552084252522,0.0,0.0,0.0,3.2048905737296227
2023-06-20 05:00:00,7.947045200914288,-40.9884440186091,48.15710523810474,7.947045200914288,7.947045200914288,-5.208005827518348,-5.208005827518348,-5.208005827518348,-5.208005827518348,-5.208005827518348,-5.208005827518348,0.0,0.0,0.0,2.73903937339594
2023-06-21 05:00:00,7.9156477438464306,-39.0927421862233,50.070997717002676,7.9156477438464306,7.9156477438464306,-4.115366704623456,-4.115366704623456,-4.115366704623456,-4.115366704623456,-4.115366704623456,-4.115366704623456,0.0,0.0,0.0,3.800281039222974
2023-06-22 05:00:00,7.884250286778574,-38.937644810028445,46.799525155820525,7.884250286778574,7.884250286778574,-3.0034010532668196,-3.0034010532668196,-3.0034010532668196,-3.0034010532668196,-3.0034010532668196,-3.0034010532668196,0.0,0.0,0.0,4.880849233511754
2023-06-23 05:00:00,7.852852829710716,-36.955258321172344,53.3942399645591,7.852852829710716,7.852852829710716,0.21708114810986046,0.21708114810986046,0.21708114810986046,0.21708114810986046,0.21708114810986046,0.21708114810986046,0.0,0.0,0.0,8.069933977820575
2023-06-24 05:00:00,7.821455372642859,-28.150601484637065,58.78170200162989,7.821455372642859,7.821455372642859,8.456962843511285,8.456962843511285,8.456962843511285,8.456962843511285,8.456962843511285,8.456962843511285,0.0,0.0,0.0,16.278418216154144
2023-06-25 05:00:00,7.790057915575002,-29.020378099536455,61.855855894186526,7.790057915575002,7.790057915575002,8.426281678063003,8.426281678063003,8.426281678063003,8.426281678063003,8.426281678063003,8.426281678063003,0.0,0.0,0.0,16.216339593638004
2023-06-26 05:00:00,7.758660458507144,-43.905000150174956,47.96535580553545,7.758660458507144,7.758660458507144,-4.773552084259486,-4.773552084259486,-4.773552084259486,-4.773552084259486,-4.773552084259486,-4.773552084259486,0.0,0.0,0.0,2.985108374247658
2023-06-27 05:00:00,7.727263001439288,-42.12393358157449,47.47451609555109,7.727263001439288,7.727263001439288,-5.208005827527314,-5.208005827527314,-5.208005827527314,-5.208005827527314,-5.208005827527314,-5.208005827527314,0.0,0.0,0.0,2.5192571739119733
2023-06-28 05:00:00,7.695865544371434,-41.579132815592224,47.85192580717101,7.695865544371434,7.695865544371434,-4.115366704620845,-4.115366704620845,-4.115366704620845,-4.115366704620845,-4.115366704620845,-4.115366704620845,0.0,0.0,0.0,3.5804988397505886
2023-06-29 05:00:00,7.664781246660718,-38.19812462553464,50.243473886052186,7.664781246660718,7.664781246660718,-3.0034010532774973,-3.0034010532774973,-3.0034010532774973,-3.0034010532774973,-3.0034010532774973,-3.0034010532774973,0.0,0.0,0.0,4.661380193383221
2023-06-30 05:00:00,7.633696948950004,-33.780882197656,50.83251012676318,7.633696948950004,7.633696948950004,0.21708114808458964,0.21708114808458964,0.21708114808458964,0.21708114808458964,0.21708114808458964,0.21708114808458964,0.0,0.0,0.0,7.850778097034594
2023-07-01 05:00:00,7.602612651239291,-25.128881336109266,61.4136249675846,7.602612651239291,7.602612651239291,8.45696284350581,8.45696284350581,8.45696284350581,8.45696284350581,8.45696284350581,8.45696284350581,0.0,0.0,0.0,16.0595754947451
2023-07-02 05:00:00,7.571528353528575,-31.48888525690678,58.15062324354968,7.571528353528575,7.571528353528575,8.42628167805216,8.42628167805216,8.42628167805216,8.42628167805216,8.42628167805216,8.42628167805216,0.0,0.0,0.0,15.997810031580734
2023-07-03 05:00:00,7.540444055817861,-40.26662781893156,46.17156617820583,7.540444055817861,7.540444055817861,-4.77355208426484,-4.77355208426484,-4.77355208426484,-4.77355208426484,-4.77355208426484,-4.77355208426484,0.0,0.0,0.0,2.7668919715530214
2023-07-04 05:00:00,7.509359758107148,-38.71232060013299,47.76552387640263,7.509359758107148,7.509359758107148,-5.208005827526012,-5.208005827526012,-5.208005827526012,-5.208005827526012,-5.208005827526012,-5.208005827526012,0.0,0.0,0.0,2.3013539305811355
2023-07-05 05:00:00,7.478275460396432,-41.20086373118418,44.95786569585164,7.478275460396432,7.478275460396432,-4.115366704631074,-4.115366704631074,-4.115366704631074,-4.115366704631074,-4.115366704631074,-4.115366704631074,0.0,0.0,0.0,3.362908755765358
2023-07-06 05:00:00,7.447191162685718,-39.41807367691888,50.920186369584634,7.447191162685718,7.447191162685718,-3.003401053271275,-3.003401053271275,-3.003401053271275,-3.003401053271275,-3.003401053271275,-3.003401053271275,0.0,0.0,0.0,4.443790109414444
2023-07-07 05:00:00,7.416106864975005,-36.39721969895233,54.3950410204373,7.416106864975005,7.416106864975005,0.21708114810191126,0.21708114810191126,0.21708114810191126,0.21708114810191126,0.21708114810191126,0.21708114810191126,0.0,0.0,0.0,7.633188013076916
2023-07-08 05:00:00,7.38502256726429,-30.481211842638515,60.208762128242924,7.38502256726429,7.38502256726429,8.45696284351647,8.45696284351647,8.45696284351647,8.45696284351647,8.45696284351647,8.45696284351647,0.0,0.0,0.0,15.84198541078076
2023-07-09 05:00:00,7.3539382695535735,-30.341646965432936,57.54854618567301,7.3539382695535735,7.3539382695535735,8.426281678046688,8.426281678046688,8.426281678046688,8.426281678046688,8.426281678046688,8.426281678046688,0.0,0.0,0.0,15.780219947600262
2023-07-10 05:00:00,7.356816478985716,-41.13326522042598,49.602038666520734,7.356816478985716,7.356816478985716,-4.773552084273412,-4.773552084273412,-4.773552084273412,-4.773552084273412,-4.773552084273412,-4.773552084273412,0.0,0.0,0.0,2.5832643947123044
2023-07-11 05:00:00,7.35969468841786,-40.16748728642351,47.85500298123131,7.35969468841786,7.35969468841786,-5.208005827524709,-5.208005827524709,-5.208005827524709,-5.208005827524709,-5.208005827524709,-5.208005827524709,0.0,0.0,0.0,2.1516888608931506
2023-07-12 05:00:00,7.3625728978500025,-39.588105579065136,47.511015609409945,7.3625728978500025,7.3625728978500025,-4.115366704622404,-4.115366704622404,-4.115366704622404,-4.115366704622404,-4.115366704622404,-4.115366704622404,0.0,0.0,0.0,3.2472061932275986
2023-07-13 05:00:00,7.365451107282146,-41.54921199042699,46.744932027854425,7.365451107282146,7.365451107282146,-3.0034010532650535,-3.0034010532650535,-3.0034010532650535,-3.0034010532650535,-3.0034010532650535,-3.0034010532650535,0.0,0.0,0.0,4.362050054017093
2023-07-14 05:00:00,7.368329316714288,-34.357634325564796,50.49116389293975,7.368329316714288,7.368329316714288,0.21708114810090146,0.21708114810090146,0.21708114810090146,0.21708114810090146,0.21708114810090146,0.21708114810090146,0.0,0.0,0.0,7.585410464815189
2023-07-15 05:00:00,7.3712075261464305,-27.077869423480895,60.1985159332534,7.3712075261464305,7.3712075261464305,8.456962843519063,8.456962843519063,8.456962843519063,8.456962843519063,8.456962843519063,8.456962843519063,0.0,0.0,0.0,15.828170369665493
2023-07-16 05:00:00,7.374085735578574,-26.417003578764774,62.36853321217271,7.374085735578574,7.374085735578574,8.426281678072712,8.426281678072712,8.426281678072712,8.426281678072712,8.426281678072712,8.426281678072712,0.0,0.0,0.0,15.800367413651287
2023-07-17 05:00:00,7.376963945010717,-39.22163742888384,47.06106561590895,7.376963945010717,7.376963945010717,-4.773552084278766,-4.773552084278766,-4.773552084278766,-4.773552084278766,-4.773552084278766,-4.773552084278766,0.0,0.0,0.0,2.603411860731951
2023-07-18 05:00:00,7.37984215444286,-45.18299853381014,48.54547975446892,7.37984215444286,7.37984215444286,-5.208005827523407,-5.208005827523407,-5.208005827523407,-5.208005827523407,-5.208005827523407,-5.208005827523407,0.0,0.0,0.0,2.171836326919453
2023-07-19 05:00:00,7.382720363875002,-40.520288505267686,47.40475607113393,7.382720363875002,7.382720363875002,-4.115366704625854,-4.115366704625854,-4.115366704625854,-4.115366704625854,-4.115366704625854,-4.115366704625854,0.0,0.0,0.0,3.2673536592491477
2023-07-20 05:00:00,7.3855985733071465,-36.98627244295749,47.14172893714742,7.3855985733071465,7.3855985733071465,-3.0034010532672815,-3.0034010532672815,-3.0034010532672815,-3.0034010532672815,-3.0034010532672815,-3.0034010532672815,0.0,0.0,0.0,4.382197520039865
2023-07-21 05:00:00,7.388480247535361,-33.61756084564538,51.530035925699565,7.388480247535361,7.388480247535361,0.21708114807563056,0.21708114807563056,0.21708114807563056,0.21708114807563056,0.21708114807563056,0.21708114807563056,0.0,0.0,0.0,7.605561395610991
2023-07-22 05:00:00,7.391361921763575,-28.30941485113142,59.5457496172927,7.391361921763575,7.391361921763575,8.456962843521655,8.456962843521655,8.456962843521655,8.456962843521655,8.456962843521655,8.456962843521655,0.0,0.0,0.0,15.84832476528523
2023-07-23 05:00:00,7.39424359599179,-30.615473713466333,59.58940526186437,7.39424359599179,7.39424359599179,8.426281678072609,8.426281678072609,8.426281678072609,8.426281678072609,8.426281678072609,8.426281678072609,0.0,0.0,0.0,15.820525274064398
2023-07-24 05:00:00,7.397125270220004,-40.80024866300531,45.37450780589263,7.397125270220004,7.397125270220004,-4.773552084251007,-4.773552084251007,-4.773552084251007,-4.773552084251007,-4.773552084251007,-4.773552084251007,0.0,0.0,0.0,2.623573185968997
2023-07-25 05:00:00,7.400006944448218,-42.07617991870727,47.22977052218595,7.400006944448218,7.400006944448218,-5.208005827519634,-5.208005827519634,-5.208005827519634,-5.208005827519634,-5.208005827519634,-5.208005827519634,0.0,0.0,0.0,2.1920011169285836
2023-07-26 05:00:00,7.402888618676433,-41.911113543211854,48.223395727939824,7.402888618676433,7.402888618676433,-4.115366704623243,-4.115366704623243,-4.115366704623243,-4.115366704623243,-4.115366704623243,-4.115366704623243,0.0,0.0,0.0,3.2875219140531895
2023-07-27 05:00:00,7.405770292904647,-40.3555469261147,48.82272275039183,7.405770292904647,7.405770292904647,-3.003401053259382,-3.003401053259382,-3.003401053259382,-3.003401053259382,-3.003401053259382,-3.003401053259382,0.0,0.0,0.0,4.402369239645265
2023-07-28 05:00:00,7.408651967132861,-35.31723612981543,51.03908805879399,7.408651967132861,7.408651967132861,0.21708114807461973,0.21708114807461973,0.21708114807461973,0.21708114807461973,0.21708114807461973,0.21708114807461973,0.0,0.0,0.0,7.62573311520748
2023-07-29 05:00:00,7.411533641361074,-24.37173368539427,60.88538194982603,7.411533641361074,7.411533641361074,8.45696284352425,8.45696284352425,8.45696284352425,8.45696284352425,8.45696284352425,8.45696284352425,0.0,0.0,0.0,15.868496484885323
2023-07-30 05:00:00,7.41441531558929,-27.337218443080168,61.643897779501444,7.41441531558929,7.41441531558929,8.426281678061772,8.426281678061772,8.426281678061772,8.426281678061772,8.426281678061772,8.426281678061772,0.0,0.0,0.0,15.840696993651061
2023-07-31 05:00:00,7.417296989817503,-41.81446422534342,46.99930303545533,7.417296989817503,7.417296989817503,-4.773552084256361,-4.773552084256361,-4.773552084256361,-4.773552084256361,-4.773552084256361,-4.773552084256361,0.0,0.0,0.0,2.6437449055611424
2023-08-01 05:00:00,7.401151121902859,-40.544904784377366,46.38569732417898,7.401151121902859,7.401151121902859,-5.208005827528603,-5.208005827528603,-5.208005827528603,-5.208005827528603,-5.208005827528603,-5.208005827528603,0.0,0.0,0.0,2.193145294374256
2023-08-02 05:00:00,7.385005253988216,-41.02517261851685,47.69722065005496,7.385005253988216,7.385005253988216,-4.115366704620633,-4.115366704620633,-4.115366704620633,-4.115366704620633,-4.115366704620633,-4.115366704620633,0.0,0.0,0.0,3.269638549367583
2023-08-03 05:00:00,7.368859386073574,-36.692392487093095,47.30405840712036,7.368859386073574,7.368859386073574,-3.0034010532700606,-3.0034010532700606,-3.0034010532700606,-3.0034010532700606,-3.0034010532700606,-3.0034010532700606,0.0,0.0,0.0,4.365458332803513
2023-08-04 05:00:00,7.352713518158931,-35.90487578733984,53.570560209077286,7.352713518158931,7.352713518158931,0.217081148091943,0.217081148091943,0.217081148091943,0.217081148091943,0.217081148091943,0.217081148091943,0.0,0.0,0.0,7.569794666250875
2023-08-05 05:00:00,7.336567650244288,-26.613903343316547,59.84284885880253,7.336567650244288,7.336567650244288,8.456962843534908,8.456962843534908,8.456962843534908,8.456962843534908,8.456962843534908,8.456962843534908,0.0,0.0,0.0,15.793530493779198
2023-08-06 05:00:00,7.320421782329645,-30.554675429213397,56.456035094109836,7.320421782329645,7.320421782329645,8.426281678056299,8.426281678056299,8.426281678056299,8.426281678056299,8.426281678056299,8.426281678056299,0.0,0.0,0.0,15.746703460385945
2023-08-07 05:00:00,7.304275914415001,-41.98639516745859,45.18651291099623,7.304275914415001,7.304275914415001,-4.773552084261715,-4.773552084261715,-4.773552084261715,-4.773552084261715,-4.773552084261715,-4.773552084261715,0.0,0.0,0.0,2.5307238301532857
2023-08-08 05:00:00,7.28813004650036,-43.96870629619094,44.60028127050189,7.28813004650036,7.28813004650036,-5.20800582752483,-5.20800582752483,-5.20800582752483,-5.20800582752483,-5.20800582752483,-5.20800582752483,0.0,0.0,0.0,2.08012421897553
2023-08-09 05:00:00,7.2719841785857176,-42.63152709284298,45.75516655648589,7.2719841785857176,7.2719841785857176,-4.115366704618022,-4.115366704618022,-4.115366704618022,-4.115366704618022,-4.115366704618022,-4.115366704618022,0.0,0.0,0.0,3.156617473967696
2023-08-10 05:00:00,7.2558383106710735,-38.83353771788845,45.349740366574714,7.2558383106710735,7.2558383106710735,-3.003401053272289,-3.003401053272289,-3.003401053272289,-3.003401053272289,-3.003401053272289,-3.003401053272289,0.0,0.0,0.0,4.2524372573987845
2023-08-11 05:00:00,7.239692442756431,-35.26559506801571,49.417742463320955,7.239692442756431,7.239692442756431,0.21708114809093287,0.21708114809093287,0.21708114809093287,0.21708114809093287,0.21708114809093287,0.21708114809093287,0.0,0.0,0.0,7.456773590847364
2023-08-12 05:00:00,7.2233389993560735,-25.094507825761497,56.749732159163294,7.2233389993560735,7.2233389993560735,8.456962843513109,8.456962843513109,8.456962843513109,8.456962843513109,8.456962843513109,8.456962843513109,0.0,0.0,0.0,15.680301842869182
2023-08-13 05:00:00,7.2069855559557165,-28.703326726774502,58.835946268376276,7.2069855559557165,7.2069855559557165,8.426281678050827,8.426281678050827,8.426281678050827,8.426281678050827,8.426281678050827,8.426281678050827,0.0,0.0,0.0,15.633267234006544
2023-08-14 05:00:00,7.190632112555359,-43.58945032764414,45.85224868159008,7.190632112555359,7.190632112555359,-4.773552084270287,-4.773552084270287,-4.773552084270287,-4.773552084270287,-4.773552084270287,-4.773552084270287,0.0,0.0,0.0,2.4170800282850715
2023-08-15 05:00:00,7.174278669155004,-39.923280653399466,44.193438467282434,7.174278669155004,7.174278669155004,-5.208005827525998,-5.208005827525998,-5.208005827525998,-5.208005827525998,-5.208005827525998,-5.208005827525998,0.0,0.0,0.0,1.9662728416290056
2023-08-16 05:00:00,7.157925225754646,-40.89467953010776,47.93009928212548,7.157925225754646,7.157925225754646,-4.115366704621472,-4.115366704621472,-4.115366704621472,-4.115366704621472,-4.115366704621472,-4.115366704621472,0.0,0.0,0.0,3.0425585211331736
2023-08-17 05:00:00,7.141571782354288,-42.12009860673467,49.43339191635812,7.141571782354288,7.141571782354288,-3.0034010532728392,-3.0034010532728392,-3.0034010532728392,-3.0034010532728392,-3.0034010532728392,-3.0034010532728392,0.0,0.0,0.0,4.138170729081448
2023-08-18 05:00:00,7.125218338953932,-35.46529037441111,51.15550808165259,7.125218338953932,7.125218338953932,0.21708114808992204,0.21708114808992204,0.21708114808992204,0.21708114808992204,0.21708114808992204,0.21708114808992204,0.0,0.0,0.0,7.342299487043854
2023-08-19 05:00:00,7.108864895553574,-28.4714530240534,58.42772461412398,7.108864895553574,7.108864895553574,8.456962843523767,8.456962843523767,8.456962843523767,8.456962843523767,8.456962843523767,8.456962843523767,0.0,0.0,0.0,15.565827739077342
2023-08-20 05:00:00,7.092511452153217,-29.38053883198769,57.75923732771908,7.092511452153217,7.092511452153217,8.426281678045356,8.426281678045356,8.426281678045356,8.426281678045356,8.426281678045356,8.426281678045356,0.0,0.0,0.0,15.518793130198574
2023-08-21 05:00:00,7.076158008752861,-41.78142222973359,46.70080414554322,7.076158008752861,7.076158008752861,-4.773552084275641,-4.773552084275641,-4.773552084275641,-4.773552084275641,-4.773552084275641,-4.773552084275641,0.0,0.0,0.0,2.30260592447722
2023-08-22 05:00:00,7.064639973566788,-42.488186533667026,46.33621700510128,7.064639973566788,7.064639973566788,-5.208005827522224,-5.208005827522224,-5.208005827522224,-5.208005827522224,-5.208005827522224,-5.208005827522224,0.0,0.0,0.0,1.8566341460445637
2023-08-23 05:00:00,7.053121938380718,-39.87358533725099,44.368988896716345,7.053121938380718,7.053121938380718,-4.115366704625641,-4.115366704625641,-4.115366704625641,-4.115366704625641,-4.115366704625641,-4.115366704625641,0.0,0.0,0.0,2.9377552337550767
2023-08-24 05:00:00,7.041603903194646,-40.750759883128175,45.74376322920213,7.041603903194646,7.041603903194646,-3.0034010532666175,-3.0034010532666175,-3.0034010532666175,-3.0034010532666175,-3.0034010532666175,-3.0034010532666175,0.0,0.0,0.0,4.0382028499280285
2023-08-25 05:00:00,7.030085868008575,-34.599247762832185,53.24407278808991,7.030085868008575,7.030085868008575,0.2170811481072449,0.2170811481072449,0.2170811481072449,0.2170811481072449,0.2170811481072449,0.2170811481072449,0.0,0.0,0.0,7.24716701611582
2023-08-26 05:00:00,7.0185678328225025,-26.983521654833275,59.80433915019011,7.0185678328225025,7.0185678328225025,8.456962843518294,8.456962843518294,8.456962843518294,8.456962843518294,8.456962843518294,8.456962843518294,0.0,0.0,0.0,15.475530676340796
2023-08-27 05:00:00,7.007049797636433,-25.96027062227684,60.964511249980575,7.007049797636433,7.007049797636433,8.42628167807675,8.42628167807675,8.42628167807675,8.42628167807675,8.42628167807675,8.42628167807675,0.0,0.0,0.0,15.433331475713182
2023-08-28 05:00:00,6.9955317624503595,-42.014613625123665,43.713941274352976,6.9955317624503595,6.9955317624503595,-4.773552084246273,-4.773552084246273,-4.773552084246273,-4.773552084246273,-4.773552084246273,-4.773552084246273,0.0,0.0,0.0,2.221979678204087
2023-08-29 05:00:00,6.98401372726429,-43.703724327211454,46.40850054823603,6.98401372726429,6.98401372726429,-5.208005827518452,-5.208005827518452,-5.208005827518452,-5.208005827518452,-5.208005827518452,-5.208005827518452,0.0,0.0,0.0,1.7760078997458377
2023-08-30 05:00:00,6.972495692078217,-38.920253241983474,46.23371531132128,6.972495692078217,6.972495692078217,-4.11536670462909,-4.11536670462909,-4.11536670462909,-4.11536670462909,-4.11536670462909,-4.11536670462909,0.0,0.0,0.0,2.8571289874491272
2023-08-31 05:00:00,6.960977656892147,-36.69616612309322,49.204963779168516,6.960977656892147,6.960977656892147,-3.0034010532688464,-3.0034010532688464,-3.0034010532688464,-3.0034010532688464,-3.0034010532688464,-3.0034010532688464,0.0,0.0,0.0,3.9575766036233
2023-09-01 05:00:00,6.949459621706073,-39.76002266763397,53.24533083353726,6.949459621706073,6.949459621706073,0.21708114810623447,0.21708114810623447,0.21708114810623447,0.21708114810623447,0.21708114810623447,0.21708114810623447,0.0,0.0,0.0,7.166540769812308
2023-09-02 05:00:00,6.9379116739414295,-32.595833361553076,60.7807292011321,6.9379116739414295,6.9379116739414295,8.456962843528954,8.456962843528954,8.456962843528954,8.456962843528954,8.456962843528954,8.456962843528954,0.0,0.0,0.0,15.394874517470384
2023-09-03 05:00:00,6.926363726176787,-25.09374636979731,61.19274515508688,6.926363726176787,6.926363726176787,8.426281678071277,8.426281678071277,8.426281678071277,8.426281678071277,8.426281678071277,8.426281678071277,0.0,0.0,0.0,15.352645404248065
2023-09-04 05:00:00,6.914815778412145,-41.925590867572375,46.8145431320786,6.914815778412145,6.914815778412145,-4.773552084251627,-4.773552084251627,-4.773552084251627,-4.773552084251627,-4.773552084251627,-4.773552084251627,0.0,0.0,0.0,2.1412636941605188
2023-09-05 05:00:00,6.9032678306475015,-41.97712860835341,45.3317183680486,6.9032678306475015,6.9032678306475015,-5.208005827519618,-5.208005827519618,-5.208005827519618,-5.208005827519618,-5.208005827519618,-5.208005827519618,0.0,0.0,0.0,1.6952620031278833
2023-09-06 05:00:00,6.891719882882859,-41.29904656285246,44.30204709107805,6.891719882882859,6.891719882882859,-4.115366704614359,-4.115366704614359,-4.115366704614359,-4.115366704614359,-4.115366704614359,-4.115366704614359,0.0,0.0,0.0,2.7763531782685007
2023-09-07 05:00:00,6.880171935118216,-41.62569646010373,47.52301055593958,6.880171935118216,6.880171935118216,-3.0034010532710744,-3.0034010532710744,-3.0034010532710744,-3.0034010532710744,-3.0034010532710744,-3.0034010532710744,0.0,0.0,0.0,3.876770881847141
2023-09-08 05:00:00,6.8686239873535735,-35.16540072155531,50.573204419797925,6.8686239873535735,6.8686239873535735,0.21708114808096357,0.21708114808096357,0.21708114808096357,0.21708114808096357,0.21708114808096357,0.21708114808096357,0.0,0.0,0.0,7.085705135434537
2023-09-09 05:00:00,6.857076039588931,-29.323023376221055,58.22906187376243,6.857076039588931,6.857076039588931,8.456962843539616,8.456962843539616,8.456962843539616,8.456962843539616,8.456962843539616,8.456962843539616,0.0,0.0,0.0,15.314038883128546
2023-09-10 05:00:00,6.845528091824288,-28.559168301095273,56.05675640181103,6.845528091824288,6.845528091824288,8.426281678060437,8.426281678060437,8.426281678060437,8.426281678060437,8.426281678060437,8.426281678060437,0.0,0.0,0.0,15.271809769884726
2023-09-11 05:00:00,6.8339801440596455,-39.1073395084291,47.589000774160084,6.8339801440596455,6.8339801440596455,-4.773552084258589,-4.773552084258589,-4.773552084258589,-4.773552084258589,-4.773552084258589,-4.773552084258589,0.0,0.0,0.0,2.0604280598010565
2023-09-12 05:00:00,6.822432196295002,-41.06623864688443,50.1140600334082,6.822432196295002,6.822432196295002,-5.208005827515845,-5.208005827515845,-5.208005827515845,-5.208005827515845,-5.208005827515845,-5.208005827515845,0.0,0.0,0.0,1.6144263687791565
2023-09-13 05:00:00,6.704571937816073,-44.06572546590966,44.13602387875412,6.704571937816073,6.704571937816073,-4.115366704624589,-4.115366704624589,-4.115366704624589,-4.115366704624589,-4.115366704624589,-4.115366704624589,0.0,0.0,0.0,2.5892052331914845
2023-09-14 05:00:00,6.586711679337145,-40.02289653170286,48.37736167217918,6.586711679337145,6.586711679337145,-3.003401053273302,-3.003401053273302,-3.003401053273302,-3.003401053273302,-3.003401053273302,-3.003401053273302,0.0,0.0,0.0,3.583310626063843
2023-09-15 05:00:00,6.468851420858217,-36.24622730588381,54.198936782276895,6.468851420858217,6.468851420858217,0.21708114807995282,0.21708114807995282,0.21708114807995282,0.21708114807995282,0.21708114807995282,0.21708114807995282,0.0,0.0,0.0,6.68593256893817
2023-09-16 05:00:00,6.350991162379288,-32.37720376236567,58.87167430409181,6.350991162379288,6.350991162379288,8.456962843534141,8.456962843534141,8.456962843534141,8.456962843534141,8.456962843534141,8.456962843534141,0.0,0.0,0.0,14.80795400591343
2023-09-17 05:00:00,6.23313090390036,-27.379066935698255,58.49483416419981,6.23313090390036,6.23313090390036,8.426281678060334,8.426281678060334,8.426281678060334,8.426281678060334,8.426281678060334,8.426281678060334,0.0,0.0,0.0,14.659412581960694
2023-09-18 05:00:00,6.115270645421432,-41.15645595289546,45.46247271020316,6.115270645421432,6.115270645421432,-4.773552084265552,-4.773552084265552,-4.773552084265552,-4.773552084265552,-4.773552084265552,-4.773552084265552,0.0,0.0,0.0,1.3417185611558793
2023-09-19 05:00:00,5.997410386942503,-44.344341197508506,43.279131015967714,5.997410386942503,5.997410386942503,-5.208005827524816,-5.208005827524816,-5.208005827524816,-5.208005827524816,-5.208005827524816,-5.208005827524816,0.0,0.0,0.0,0.7894045594176875
2023-09-20 05:00:00,5.879550128463574,-40.01689153519273,45.56119250748738,5.879550128463574,5.879550128463574,-4.115366704621978,-4.115366704621978,-4.115366704621978,-4.115366704621978,-4.115366704621978,-4.115366704621978,0.0,0.0,0.0,1.7641834238415957
2023-09-21 05:00:00,5.761689869984646,-41.895992297413294,41.522142404448616,5.761689869984646,5.761689869984646,-3.00340105326708,-3.00340105326708,-3.00340105326708,-3.00340105326708,-3.00340105326708,-3.00340105326708,0.0,0.0,0.0,2.758288816717566
2023-09-22 05:00:00,5.643829611505717,-41.980746123536385,48.75699150939824,5.643829611505717,5.643829611505717,0.2170811480881089,0.2170811480881089,0.2170811480881089,0.2170811480881089,0.2170811480881089,0.2170811480881089,0.0,0.0,0.0,5.860910759593827
2023-09-23 05:00:00,5.525969353026789,-28.797089919129455,56.847845451289544,5.525969353026789,5.525969353026789,8.456962843520406,8.456962843520406,8.456962843520406,8.456962843520406,8.456962843520406,8.456962843520406,0.0,0.0,0.0,13.982932196547196
2023-09-24 05:00:00,5.643314701690717,-27.902632985368122,56.63917661481368,5.643314701690717,5.643314701690717,8.42628167808636,8.42628167808636,8.42628167808636,8.42628167808636,8.42628167808636,8.42628167808636,0.0,0.0,0.0,14.069596379777078
2023-09-25 05:00:00,5.760660050354645,-42.38507823063096,43.206032518313236,5.760660050354645,5.760660050354645,-4.773552084272516,-4.773552084272516,-4.773552084272516,-4.773552084272516,-4.773552084272516,-4.773552084272516,0.0,0.0,0.0,0.9871079660821289
2023-09-26 05:00:00,5.878005399018573,-47.055348124319664,43.62320343147424,5.878005399018573,5.878005399018573,-5.208005827521044,-5.208005827521044,-5.208005827521044,-5.208005827521044,-5.208005827521044,-5.208005827521044,0.0,0.0,0.0,0.6699995714975291
2023-09-27 05:00:00,5.995350747682501,-43.13660147225908,47.07036723677979,5.995350747682501,5.995350747682501,-4.115366704625427,-4.115366704625427,-4.115366704625427,-4.115366704625427,-4.115366704625427,-4.115366704625427,0.0,0.0,0.0,1.8799840430570738
2023-09-28 05:00:00,6.112696096346428,-41.06437552068304,47.00352234251428,6.112696096346428,6.112696096346428,-3.0034010532777584,-3.0034010532777584,-3.0034010532777584,-3.0034010532777584,-3.0034010532777584,-3.0034010532777584,0.0,0.0,0.0,3.10929504306867
2023-09-29 05:00:00,6.2300414450103565,-41.28736073513475,48.47168596667635,6.2300414450103565,6.2300414450103565,0.21708114809626522,0.21708114809626522,0.21708114809626522,0.21708114809626522,0.21708114809626522,0.21708114809626522,0.0,0.0,0.0,6.447122593106622
2023-09-30 05:00:00,6.347386793674289,-30.62621650908039,58.34015805545879,6.347386793674289,6.347386793674289,8.456962843514932,8.456962843514932,8.456962843514932,8.456962843514932,8.456962843514932,8.456962843514932,0.0,0.0,0.0,14.80434963718922
2023-10-01 05:00:00,6.4647321423382165,-29.61357516342056,58.44218743372752,6.4647321423382165,6.4647321423382165,8.426281678080889,8.426281678080889,8.426281678080889,8.426281678080889,8.426281678080889,8.426281678080889,0.0,0.0,0.0,14.891013820419104
2023-10-02 05:00:00,6.582077491002145,-41.085479337285214,44.37775900135161,6.582077491002145,6.582077491002145,-4.7735520842778705,-4.7735520842778705,-4.7735520842778705,-4.7735520842778705,-4.7735520842778705,-4.7735520842778705,0.0,0.0,0.0,1.8085254067242742
2023-10-03 05:00:00,6.699422839666077,-40.581827114206234,45.27498101878331,6.699422839666077,6.699422839666077,-5.20800582751974,-5.20800582751974,-5.20800582751974,-5.20800582751974,-5.20800582751974,-5.20800582751974,0.0,0.0,0.0,1.4914170121463375
2023-10-04 05:00:00,6.816768188329996,-40.34233101061215,47.59146077437488,6.816768188329996,6.816768188329996,-4.115366704628877,-4.115366704628877,-4.115366704628877,-4.115366704628877,-4.115366704628877,-4.115366704628877,0.0,0.0,0.0,2.701401483701119
2023-10-05 05:00:00,6.932757805493927,-41.352162770775244,47.54927235558183,6.932757805493927,6.932757805493927,-3.0034010532698585,-3.0034010532698585,-3.0034010532698585,-3.0034010532698585,-3.0034010532698585,-3.0034010532698585,0.0,0.0,0.0,3.9293567522240687
2023-10-06 05:00:00,7.048747422657854,-35.565751235585616,50.27100100392425,7.048747422657854,7.048747422657854,0.217081148104421,0.217081148104421,0.217081148104421,0.217081148104421,0.217081148104421,0.217081148104421,0.0,0.0,0.0,7.265828570762275
2023-10-07 05:00:00,7.16473703982178,-27.877861618184657,60.87256430554888,7.16473703982178,7.16473703982178,8.45696284352559,8.45696284352559,8.45696284352559,8.45696284352559,8.45696284352559,8.45696284352559,0.0,0.0,0.0,15.62169988334737
2023-10-08 05:00:00,7.280726656985707,-29.68720927251534,62.93953815142981,7.280726656985707,7.280726656985707,8.426281678070046,8.426281678070046,8.426281678070046,8.426281678070046,8.426281678070046,8.426281678070046,0.0,0.0,0.0,15.707008335055754
2023-10-09 05:00:00,7.396716274149639,-41.633676507153844,43.60840637810866,7.396716274149639,7.396716274149639,-4.7735520842864405,-4.7735520842864405,-4.7735520842864405,-4.7735520842864405,-4.7735520842864405,-4.7735520842864405,0.0,0.0,0.0,2.623164189863198
2023-10-10 05:00:00,7.512705891313566,-42.64862394960282,46.47138519098159,7.512705891313566,7.512705891313566,-5.208005827531178,-5.208005827531178,-5.208005827531178,-5.208005827531178,-5.208005827531178,-5.208005827531178,0.0,0.0,0.0,2.304700063782388
2023-10-11 05:00:00,7.628695508477492,-43.45178644021721,44.47759654690669,7.628695508477492,7.628695508477492,-4.1153667046202065,-4.1153667046202065,-4.1153667046202065,-4.1153667046202065,-4.1153667046202065,-4.1153667046202065,0.0,0.0,0.0,3.513328803857285
2023-10-12 05:00:00,7.744685125641423,-37.72845063537339,47.66691395787119,7.744685125641423,7.744685125641423,-3.003401053272088,-3.003401053272088,-3.003401053272088,-3.003401053272088,-3.003401053272088,-3.003401053272088,0.0,0.0,0.0,4.741284072369336
2023-10-13 05:00:00,7.86067474280535,-33.59013199101365,55.145407174843285,7.86067474280535,7.86067474280535,0.21708114810341114,0.21708114810341114,0.21708114810341114,0.21708114810341114,0.21708114810341114,0.21708114810341114,0.0,0.0,0.0,8.077755890908762
2023-10-14 05:00:00,7.9766643599692815,-26.94483469863995,62.38464022325305,7.9766643599692815,7.9766643599692815,8.456962843528187,8.456962843528187,8.456962843528187,8.456962843528187,8.456962843528187,8.456962843528187,0.0,0.0,0.0,16.43362720349747
2023-10-15 05:00:00,8.091812481204634,-26.32100936620355,60.36286911112406,8.091812481204634,8.091812481204634,8.426281678059205,8.426281678059205,8.426281678059205,8.426281678059205,8.426281678059205,8.426281678059205,0.0,0.0,0.0,16.51809415926384
2023-10-16 05:00:00,8.206960602439993,-43.41366071436299,44.62015293645013,8.206960602439993,8.206960602439993,-4.773552084255465,-4.773552084255465,-4.773552084255465,-4.773552084255465,-4.773552084255465,-4.773552084255465,0.0,0.0,0.0,3.433408518184528
2023-10-17 05:00:00,8.322108723675353,-42.36164242919261,48.16662948844564,8.322108723675353,8.322108723675353,-5.208005827529877,-5.208005827529877,-5.208005827529877,-5.208005827529877,-5.208005827529877,-5.208005827529877,0.0,0.0,0.0,3.114102896145476
2023-10-18 05:00:00,8.437256844910706,-39.182801057229575,49.52748363502662,8.437256844910706,8.437256844910706,-4.115366704623657,-4.115366704623657,-4.115366704623657,-4.115366704623657,-4.115366704623657,-4.115366704623657,0.0,0.0,0.0,4.321890140287049
2023-10-19 05:00:00,8.552404966146064,-37.027803654960344,50.44964016717034,8.552404966146064,8.552404966146064,-3.0034010532658644,-3.0034010532658644,-3.0034010532658644,-3.0034010532658644,-3.0034010532658644,-3.0034010532658644,0.0,0.0,0.0,5.549003912880199
2023-10-20 05:00:00,8.667553087381423,-33.40868924778182,51.54060492416846,8.667553087381423,8.667553087381423,0.2170811480873062,0.2170811480873062,0.2170811480873062,0.2170811480873062,0.2170811480873062,0.2170811480873062,0.0,0.0,0.0,8.884634235468729
2023-10-21 05:00:00,8.782701208616777,-27.742986275958483,59.545923274942474,8.782701208616777,8.782701208616777,8.456962843506384,8.456962843506384,8.456962843506384,8.456962843506384,8.456962843506384,8.456962843506384,0.0,0.0,0.0,17.23966405212316
2023-10-22 05:00:00,8.897849329852134,-27.8751533860147,60.585157363064724,8.897849329852134,8.897849329852134,8.426281678059103,8.426281678059103,8.426281678059103,8.426281678059103,8.426281678059103,8.426281678059103,0.0,0.0,0.0,17.324131007911237
2023-10-23 05:00:00,9.012997451087493,-38.74858816675718,48.085173210655746,9.012997451087493,9.012997451087493,-4.773552084262428,-4.773552084262428,-4.773552084262428,-4.773552084262428,-4.773552084262428,-4.773552084262428,0.0,0.0,0.0,4.239445366825065
2023-10-24 05:00:00,9.12814557232285,-36.804459892375505,48.39977763803267,9.12814557232285,9.12814557232285,-5.208005827526103,-5.208005827526103,-5.208005827526103,-5.208005827526103,-5.208005827526103,-5.208005827526103,0.0,0.0,0.0,3.9201397447967476
2023-10-25 05:00:00,9.243293693558211,-38.3492529569289,47.25315945477254,9.243293693558211,9.243293693558211,-4.115366704621047,-4.115366704621047,-4.115366704621047,-4.115366704621047,-4.115366704621047,-4.115366704621047,0.0,0.0,0.0,5.127926988937165
2023-10-26 05:00:00,9.288488886222138,-39.09418484129985,49.29554510548449,9.288488886222138,9.288488886222138,-3.0034010532596427,-3.0034010532596427,-3.0034010532596427,-3.0034010532596427,-3.0034010532596427,-3.0034010532596427,0.0,0.0,0.0,6.285087832962496
2023-10-27 05:00:00,9.333684078886067,-35.502664877867,52.29756170778913,9.333684078886067,9.333684078886067,0.217081148086296,0.217081148086296,0.217081148086296,0.217081148086296,0.217081148086296,0.217081148086296,0.0,0.0,0.0,9.550765226972363
2023-10-28 05:00:00,9.378879271549996,-25.76130640025955,61.323952224436276,9.378879271549996,9.378879271549996,8.456962843508975,8.456962843508975,8.456962843508975,8.456962843508975,8.456962843508975,8.456962843508975,0.0,0.0,0.0,17.835842115058973
2023-10-29 05:00:00,9.424074464213925,-26.018647049403892,64.69973763618032,9.424074464213925,9.424074464213925,8.426281678048264,8.426281678048264,8.426281678048264,8.426281678048264,8.426281678048264,8.426281678048264,0.0,0.0,0.0,17.85035614226219
2023-10-30 05:00:00,9.46926965687785,-39.88903452355388,47.229659834349334,9.46926965687785,9.46926965687785,-4.773552084267782,-4.773552084267782,-4.773552084267782,-4.773552084267782,-4.773552084267782,-4.773552084267782,0.0,0.0,0.0,4.695717572610069
2023-10-31 05:00:00,9.514464849541781,-41.360468203776385,48.568951460036914,9.514464849541781,9.514464849541781,-5.2080058275248,-5.2080058275248,-5.2080058275248,-5.2080058275248,-5.2080058275248,-5.2080058275248,0.0,0.0,0.0,4.306459022016981
2023-11-01 05:00:00,9.55966004220571,-36.50982886690144,50.55490675220047,9.55966004220571,9.55966004220571,-4.115366704625216,-4.115366704625216,-4.115366704625216,-4.115366704625216,-4.115366704625216,-4.115366704625216,0.0,0.0,0.0,5.444293337580494
2023-11-02 05:00:00,9.604855234869639,-38.66798325719667,48.6563076617596,9.604855234869639,9.604855234869639,-3.0034010532703213,-3.0034010532703213,-3.0034010532703213,-3.0034010532703213,-3.0034010532703213,-3.0034010532703213,0.0,0.0,0.0,6.601454181599317
2023-11-03 05:00:00,9.650050427533564,-38.02674660823881,51.63246849609069,9.650050427533564,9.650050427533564,0.2170811481036186,0.2170811481036186,0.2170811481036186,0.2170811481036186,0.2170811481036186,0.2170811481036186,0.0,0.0,0.0,9.867131575637183
2023-11-04 05:00:00,9.695245620197497,-26.106425235590425,63.54164137968805,9.695245620197497,9.695245620197497,8.456962843519637,8.456962843519637,8.456962843519637,8.456962843519637,8.456962843519637,8.456962843519637,0.0,0.0,0.0,18.152208463717134
2023-11-05 05:00:00,9.740440812861426,-25.946967880470428,61.12698405965247,9.740440812861426,9.740440812861426,8.426281678042791,8.426281678042791,8.426281678042791,8.426281678042791,8.426281678042791,8.426281678042791,0.0,0.0,0.0,18.166722490904217
2023-11-06 05:00:00,9.785636005525353,-37.54067343837811,48.467579734710434,9.785636005525353,9.785636005525353,-4.7735520842400225,-4.7735520842400225,-4.7735520842400225,-4.7735520842400225,-4.7735520842400225,-4.7735520842400225,0.0,0.0,0.0,5.01208392128533
2023-11-07 05:00:00,9.830831198189282,-38.32007014556377,48.909541120576606,9.830831198189282,9.830831198189282,-5.208005827521028,-5.208005827521028,-5.208005827521028,-5.208005827521028,-5.208005827521028,-5.208005827521028,0.0,0.0,0.0,4.622825370668254
2023-11-08 05:00:00,9.87602639085321,-37.053220760101745,47.403368034426315,9.87602639085321,9.87602639085321,-4.115366704622603,-4.115366704622603,-4.115366704622603,-4.115366704622603,-4.115366704622603,-4.115366704622603,0.0,0.0,0.0,5.760659686230608
2023-11-09 05:00:00,9.92122158351714,-37.72027399879111,52.65125744232216,9.92122158351714,9.92122158351714,-3.0034010532640996,-3.0034010532640996,-3.0034010532640996,-3.0034010532640996,-3.0034010532640996,-3.0034010532640996,0.0,0.0,0.0,6.9178205302530404
2023-11-10 05:00:00,9.966416776181067,-32.21093403065626,54.30497706889551,9.966416776181067,9.966416776181067,0.21708114810260848,0.21708114810260848,0.21708114810260848,0.21708114810260848,0.21708114810260848,0.21708114810260848,0.0,0.0,0.0,10.183497924283675
2023-11-11 05:00:00,10.011611968844996,-23.413483402766364,63.706735422690755,10.011611968844996,10.011611968844996,8.45696284352223,8.45696284352223,8.45696284352223,8.45696284352223,8.45696284352223,8.45696284352223,0.0,0.0,0.0,18.468574812367226
2023-11-12 05:00:00,10.056807161508925,-23.415159669478257,61.61173696446026,10.056807161508925,10.056807161508925,8.426281678074185,8.426281678074185,8.426281678074185,8.426281678074185,8.426281678074185,8.426281678074185,0.0,0.0,0.0,18.48308883958311
2023-11-13 05:00:00,10.102002354172853,-38.92003893244817,49.04600627351473,10.102002354172853,10.102002354172853,-4.773552084246986,-4.773552084246986,-4.773552084246986,-4.773552084246986,-4.773552084246986,-4.773552084246986,0.0,0.0,0.0,5.328450269925868
2023-11-14 05:00:00,10.147197546836782,-37.368180362300045,50.61482191379786,10.147197546836782,10.147197546836782,-5.208005827522196,-5.208005827522196,-5.208005827522196,-5.208005827522196,-5.208005827522196,-5.208005827522196,0.0,0.0,0.0,4.939191719314587
2023-11-15 05:00:00,10.192392739500711,-38.57206901713548,51.84966338691343,10.192392739500711,10.192392739500711,-4.115366704626053,-4.115366704626053,-4.115366704626053,-4.115366704626053,-4.115366704626053,-4.115366704626053,0.0,0.0,0.0,6.077026034874658
2023-11-16 05:00:00,10.237587932164638,-37.156029159774164,51.034600529819144,10.237587932164638,10.237587932164638,-3.003401053266328,-3.003401053266328,-3.003401053266328,-3.003401053266328,-3.003401053266328,-3.003401053266328,0.0,0.0,0.0,7.23418687889831
2023-11-17 05:00:00,10.282783124828567,-36.92540848181848,56.494951098451196,10.282783124828567,10.282783124828567,0.21708114807733736,0.21708114807733736,0.21708114807733736,0.21708114807733736,0.21708114807733736,0.21708114807733736,0.0,0.0,0.0,10.499864272905905
2023-11-18 05:00:00,10.327978317492496,-23.82426821184576,60.57123032537834,10.327978317492496,10.327978317492496,8.45696284353289,8.45696284353289,8.45696284353289,8.45696284353289,8.45696284353289,8.45696284353289,0.0,0.0,0.0,18.784941161025387
2023-11-19 05:00:00,10.373173510156425,-21.553125866326905,64.81013397870561,10.373173510156425,10.373173510156425,8.426281678068715,8.426281678068715,8.426281678068715,8.426281678068715,8.426281678068715,8.426281678068715,0.0,0.0,0.0,18.79945518822514
2023-11-20 05:00:00,10.418368702820354,-36.78772067147317,46.50648760192867,10.418368702820354,10.418368702820354,-4.773552084253949,-4.773552084253949,-4.773552084253949,-4.773552084253949,-4.773552084253949,-4.773552084253949,0.0,0.0,0.0,5.644816618566405
2023-11-21 05:00:00,10.463563895484281,-37.15172517025507,49.746101934588275,10.463563895484281,10.463563895484281,-5.208005827518423,-5.208005827518423,-5.208005827518423,-5.208005827518423,-5.208005827518423,-5.208005827518423,0.0,0.0,0.0,5.2555580679658584
2023-11-22 05:00:00,10.50875908814821,-37.70853700391872,52.157723165967894,10.50875908814821,10.50875908814821,-4.115366704623443,-4.115366704623443,-4.115366704623443,-4.115366704623443,-4.115366704623443,-4.115366704623443,0.0,0.0,0.0,6.393392383524767
2023-11-23 05:00:00,10.553954280812139,-38.29476754326197,51.814973491255756,10.553954280812139,10.553954280812139,-3.0034010532668782,-3.0034010532668782,-3.0034010532668782,-3.0034010532668782,-3.0034010532668782,-3.0034010532668782,0.0,0.0,0.0,7.550553227545261
2023-11-24 05:00:00,10.599149473476068,-31.955402235926705,54.041878137968446,10.599149473476068,10.599149473476068,0.21708114808549311,0.21708114808549311,0.21708114808549311,0.21708114808549311,0.21708114808549311,0.21708114808549311,0.0,0.0,0.0,10.81623062156156
2023-11-25 05:00:00,10.644344666139997,-23.515233958692523,66.0084368996109,10.644344666139997,10.644344666139997,8.456962843527416,8.456962843527416,8.456962843527416,8.456962843527416,8.456962843527416,8.456962843527416,0.0,0.0,0.0,19.101307509667414
2023-11-26 05:00:00,10.689539858803926,-25.431154719496455,62.54592918135091,10.689539858803926,10.689539858803926,8.426281678057872,8.426281678057872,8.426281678057872,8.426281678057872,8.426281678057872,8.426281678057872,0.0,0.0,0.0,19.115821536861798
2023-11-27 05:00:00,10.734735051467853,-39.29921426511204,48.187826768788824,10.734735051467853,10.734735051467853,-4.773552084259303,-4.773552084259303,-4.773552084259303,-4.773552084259303,-4.773552084259303,-4.773552084259303,0.0,0.0,0.0,5.96118296720855
2023-11-28 05:00:00,10.779930244131782,-39.65420561928129,48.49538451390732,10.779930244131782,10.779930244131782,-5.20800582752739,-5.20800582752739,-5.20800582752739,-5.20800582752739,-5.20800582752739,-5.20800582752739,0.0,0.0,0.0,5.571924416604392
2023-11-29 05:00:00,10.82512543679571,-38.434706315811795,48.51087549194324,10.82512543679571,10.82512543679571,-4.115366704626894,-4.115366704626894,-4.115366704626894,-4.115366704626894,-4.115366704626894,-4.115366704626894,0.0,0.0,0.0,6.709758732168817
2023-11-30 05:00:00,10.87032062945964,-36.549581779224305,49.92838870390404,10.87032062945964,10.87032062945964,-3.003401053269107,-3.003401053269107,-3.003401053269107,-3.003401053269107,-3.003401053269107,-3.003401053269107,0.0,0.0,0.0,7.866919576190533
2023-12-01 05:00:00,10.915515822123567,-33.32678286205958,56.356403739526705,10.915515822123567,10.915515822123567,0.21708114809364942,0.21708114809364942,0.21708114809364942,0.21708114809364942,0.21708114809364942,0.21708114809364942,0.0,0.0,0.0,11.132596970217216
2023-12-02 05:00:00,10.960711014787496,-23.940220297025114,61.824222715050105,10.960711014787496,10.960711014787496,8.456962843538076,8.456962843538076,8.456962843538076,8.456962843538076,8.456962843538076,8.456962843538076,0.0,0.0,0.0,19.41767385832557
2023-12-03 05:00:00,11.005906207451424,-24.238799117879662,65.52262526382309,11.005906207451424,11.005906207451424,8.426281678094636,8.426281678094636,8.426281678094636,8.426281678094636,8.426281678094636,8.426281678094636,0.0,0.0,0.0,19.43218788554606
2023-12-04 05:00:00,11.051101400115353,-37.912601979326034,50.658243971375725,11.051101400115353,11.051101400115353,-4.773552084264657,-4.773552084264657,-4.773552084264657,-4.773552084264657,-4.773552084264657,-4.773552084264657,0.0,0.0,0.0,6.277549315850696
2023-12-05 05:00:00,11.09629659277928,-35.74919930043571,52.60500128740769,11.09629659277928,11.09629659277928,-5.2080058275260885,-5.2080058275260885,-5.2080058275260885,-5.2080058275260885,-5.2080058275260885,-5.2080058275260885,0.0,0.0,0.0,5.888290765253192
2023-12-06 05:00:00,11.14149178544321,-35.96083350001137,49.98341610652539,11.14149178544321,11.14149178544321,-4.115366704618221,-4.115366704618221,-4.115366704618221,-4.115366704618221,-4.115366704618221,-4.115366704618221,0.0,0.0,0.0,7.026125080824988
2023-12-07 05:00:00,11.186686978107138,-36.639686663843904,50.72220154013908,11.186686978107138,11.186686978107138,-3.003401053271334,-3.003401053271334,-3.003401053271334,-3.003401053271334,-3.003401053271334,-3.003401053271334,0.0,0.0,0.0,8.183285924835804
2023-12-08 05:00:00,11.231882170771069,-32.15533129001711,55.124008008639386,11.231882170771069,11.231882170771069,0.21708114809263923,0.21708114809263923,0.21708114809263923,0.21708114809263923,0.21708114809263923,0.21708114809263923,0.0,0.0,0.0,11.448963318863708
2023-12-09 05:00:00,11.277077363434998,-22.658805007889562,62.371291571239716,11.277077363434998,11.277077363434998,8.456962843516274,8.456962843516274,8.456962843516274,8.456962843516274,8.456962843516274,8.456962843516274,0.0,0.0,0.0,19.73404020695127
2023-12-10 05:00:00,11.322272556098927,-24.011076190276274,64.4839665479906,11.322272556098927,11.322272556098927,8.426281678083795,8.426281678083795,8.426281678083795,8.426281678083795,8.426281678083795,8.426281678083795,0.0,0.0,0.0,19.74855423418272
2023-12-11 05:00:00,11.367467748762856,-38.94748016692361,49.402924633556225,11.367467748762856,11.367467748762856,-4.77355208427162,-4.77355208427162,-4.77355208427162,-4.77355208427162,-4.77355208427162,-4.77355208427162,0.0,0.0,0.0,6.593915664491235
2023-12-12 05:00:00,11.41266294142678,-37.33339349538801,51.67187854019597,11.41266294142678,11.41266294142678,-5.208005827524786,-5.208005827524786,-5.208005827524786,-5.208005827524786,-5.208005827524786,-5.208005827524786,0.0,0.0,0.0,6.204657113901994
2023-12-13 05:00:00,11.457858134090708,-37.69759551417676,49.192513953430804,11.457858134090708,11.457858134090708,-4.115366704621673,-4.115366704621673,-4.115366704621673,-4.115366704621673,-4.115366704621673,-4.115366704621673,0.0,0.0,0.0,7.342491429469035
2023-12-14 05:00:00,11.503053326754637,-34.356097617709196,56.03834532785463,11.503053326754637,11.503053326754637,-3.003401053271886,-3.003401053271886,-3.003401053271886,-3.003401053271886,-3.003401053271886,-3.003401053271886,0.0,0.0,0.0,8.499652273482752
2023-12-15 05:00:00,11.548248519418566,-33.380234092840986,56.03440517811447,11.548248519418566,11.548248519418566,0.2170811480916294,0.2170811480916294,0.2170811480916294,0.2170811480916294,0.2170811480916294,0.2170811480916294,0.0,0.0,0.0,11.765329667510196
2023-12-16 05:00:00,11.593443712082495,-22.393775498608875,66.49958132207617,11.593443712082495,11.593443712082495,8.456962843518866,8.456962843518866,8.456962843518866,8.456962843518866,8.456962843518866,8.456962843518866,0.0,0.0,0.0,20.050406555601363
2023-12-17 05:00:00,11.638638904746424,-23.54606675135652,63.90434060997774,11.638638904746424,11.638638904746424,8.426281678083694,8.426281678083694,8.426281678083694,8.426281678083694,8.426281678083694,8.426281678083694,0.0,0.0,0.0,20.06492058283012
2023-12-18 05:00:00,11.683834097410355,-34.88455302409171,46.919703243696496,11.683834097410355,11.683834097410355,-4.773552084278584,-4.773552084278584,-4.773552084278584,-4.773552084278584,-4.773552084278584,-4.773552084278584,0.0,0.0,0.0,6.910282013131771
2023-12-19 05:00:00,11.729029290074283,-37.48784415097442,52.35134555680393,11.729029290074283,11.729029290074283,-5.208005827521013,-5.208005827521013,-5.208005827521013,-5.208005827521013,-5.208005827521013,-5.208005827521013,0.0,0.0,0.0,6.521023462553271
2023-12-20 05:00:00,11.774224482738212,-36.03648114182935,51.63878481064202,11.774224482738212,11.774224482738212,-4.11536670461978,-4.11536670461978,-4.11536670461978,-4.11536670461978,-4.11536670461978,-4.11536670461978,0.0,0.0,0.0,7.658857778118432
2023-12-21 05:00:00,11.819419675402141,-34.91375027587444,51.2730497503676,11.819419675402141,11.819419675402141,-3.003401053265663,-3.003401053265663,-3.003401053265663,-3.003401053265663,-3.003401053265663,-3.003401053265663,0.0,0.0,0.0,8.816018622136479
2023-12-22 05:00:00,11.86461486806607,-30.790141887402388,57.50368750621,11.86461486806607,11.86461486806607,0.21708114809978515,0.21708114809978515,0.21708114809978515,0.21708114809978515,0.21708114809978515,0.21708114809978515,0.0,0.0,0.0,12.081696016165855
2023-12-23 05:00:00,11.909810060729994,-21.034822013825938,60.69927883075647,11.909810060729994,11.909810060729994,8.45696284352146,8.45696284352146,8.45696284352146,8.45696284352146,8.45696284352146,8.45696284352146,0.0,0.0,0.0,20.366772904251455
2023-12-24 05:00:00,11.955005253393923,-22.251859365809317,64.13095604425975,11.955005253393923,11.955005253393923,8.426281678072852,8.426281678072852,8.426281678072852,8.426281678072852,8.426281678072852,8.426281678072852,0.0,0.0,0.0,20.381286931466775
2023-12-25 05:00:00,12.000200446057852,-36.36354120183882,48.2551045726844,12.000200446057852,12.000200446057852,-4.773552084249215,-4.773552084249215,-4.773552084249215,-4.773552084249215,-4.773552084249215,-4.773552084249215,0.0,0.0,0.0,7.226648361808636
2023-12-26 05:00:00,12.04539563872178,-37.93224683164907,49.55239953292304,12.04539563872178,12.04539563872178,-5.20800582751724,-5.20800582751724,-5.20800582751724,-5.20800582751724,-5.20800582751724,-5.20800582751724,0.0,0.0,0.0,6.837389811204541
2023-12-27 05:00:00,12.09059083138571,-34.5851728032967,53.887177152418225,12.09059083138571,12.09059083138571,-4.115366704623229,-4.115366704623229,-4.115366704623229,-4.115366704623229,-4.115366704623229,-4.115366704623229,0.0,0.0,0.0,7.97522412676248
2023-12-28 05:00:00,12.13578602404964,-33.10943890244791,53.08352603468792,12.13578602404964,12.13578602404964,-3.0034010532763427,-3.0034010532763427,-3.0034010532763427,-3.0034010532763427,-3.0034010532763427,-3.0034010532763427,0.0,0.0,0.0,9.132384970773298
2023-12-29 05:00:00,12.180981216713569,-30.53420928983409,54.113654989991716,12.180981216713569,12.180981216713569,0.21708114810794146,0.21708114810794146,0.21708114810794146,0.21708114810794146,0.21708114810794146,0.21708114810794146,0.0,0.0,0.0,12.398062364821511
2023-12-30 05:00:00,12.226176409377498,-24.339997973003673,67.26962075084144,12.226176409377498,12.226176409377498,8.45696284353212,8.45696284353212,8.45696284353212,8.45696284353212,8.45696284353212,8.45696284353212,0.0,0.0,0.0,20.68313925290962
2023-12-31 05:00:00,12.271371602041427,-23.970067319231266,62.443346192567745,12.271371602041427,12.271371602041427,8.426281678067381,8.426281678067381,8.426281678067381,8.426281678067381,8.426281678067381,8.426281678067381,0.0,0.0,0.0,20.69765328010881
2023-12-31 06:00:00,12.273254735069088,-28.254265238318137,64.27093296431737,12.273254735069088,12.273254735069088,7.948695064250393,7.948695064250393,7.948695064250393,7.948695064250393,7.948695064250393,7.948695064250393,0.0,0.0,0.0,20.221949799319482
2023-12-31 07:00:00,12.275137868096753,-22.27761316580081,62.88158943585207,12.275137868096753,12.275137868096753,7.441262530723623,7.441262530723623,7.441262530723623,7.441262530723623,7.441262530723623,7.441262530723623,0.0,0.0,0.0,19.716400398820376
2023-12-31 08:00:00,12.277021001124414,-25.81907902451833,63.14006679167802,12.277021001124414,12.277021001124414,6.906758927576139,6.906758927576139,6.906758927576139,6.906758927576139,6.906758927576139,6.906758927576139,0.0,0.0,0.0,19.183779928700552
2023-12-31 09:00:00,12.27890413415208,-24.82310025744449,62.44178980926204,12.27890413415208,12.27890413415208,6.348155170478565,6.348155170478565,6.348155170478565,6.348155170478565,6.348155170478565,6.348155170478565,0.0,0.0,0.0,18.627059304630645
2023-12-31 10:00:00,12.280787267179747,-24.025752262650006,60.74380452083799,12.280787267179747,12.280787267179747,5.768592966248831,5.768592966248831,5.768592966248831,5.768592966248831,5.768592966248831,5.768592966248831,0.0,0.0,0.0,18.04938023342858
2023-12-31 11:00:00,12.282670400207408,-29.075921811476473,61.745894877797404,12.282670400207408,12.282670400207408,5.171357824261441,5.171357824261441,5.171357824261441,5.171357824261441,5.171357824261441,5.171357824261441,0.0,0.0,0.0,17.45402822446885
2023-12-31 12:00:00,12.284553533235073,-27.479838491172078,61.846898516437555,12.284553533235073,12.284553533235073,4.559850635999559,4.559850635999559,4.559850635999559,4.559850635999559,4.559850635999559,4.559850635999559,0.0,0.0,0.0,16.844404169234632
2023-12-31 13:00:00,12.286436666262734,-29.549663309576164,59.18388718181576,12.286436666262734,12.286436666262734,3.93755812223308,3.93755812223308,3.93755812223308,3.93755812223308,3.93755812223308,3.93755812223308,0.0,0.0,0.0,16.223994788495816
2023-12-31 14:00:00,12.288319799290395,-26.62688137020501,58.08351962636579,12.288319799290395,12.288319799290395,3.3080224579713153,3.3080224579713153,3.3080224579713153,3.3080224579713153,3.3080224579713153,3.3080224579713153,0.0,0.0,0.0,15.59634225726171
2023-12-31 15:00:00,12.290202932318062,-30.338442442628033,60.29758233004431,12.290202932318062,12.290202932318062,2.6748103961600043,2.6748103961600043,2.6748103961600043,2.6748103961600043,2.6748103961600043,2.6748103961600043,0.0,0.0,0.0,14.965013328478065
2023-12-31 16:00:00,12.292086065345723,-28.852597479601137,62.81652688760578,12.292086065345723,12.292086065345723,2.0414822177361445,2.0414822177361445,2.0414822177361445,2.0414822177361445,2.0414822177361445,2.0414822177361445,0.0,0.0,0.0,14.333568283081867
2023-12-31 17:00:00,12.293969198373393,-32.980884730516514,57.22614445280995,12.293969198373393,12.293969198373393,1.4115608336488088,1.4115608336488088,1.4115608336488088,1.4115608336488088,1.4115608336488088,1.4115608336488088,0.0,0.0,0.0,13.705530032022201
2023-12-31 18:00:00,12.295852331401054,-32.531653093298985,55.14516102583631,12.295852331401054,12.295852331401054,0.7885013669126155,0.7885013669126155,0.7885013669126155,0.7885013669126155,0.7885013669126155,0.7885013669126155,0.0,0.0,0.0,13.08435369831367
2023-12-31 19:00:00,12.297735464428715,-31.87642048742773,54.74072674481444,12.297735464428715,12.297735464428715,0.17566153351352556,0.17566153351352556,0.17566153351352556,0.17566153351352556,0.17566153351352556,0.17566153351352556,0.0,0.0,0.0,12.47339699794224
2023-12-31 20:00:00,12.299618597456382,-32.019312328627585,56.49021330094294,12.299618597456382,12.299618597456382,-0.42372686584155445,-0.42372686584155445,-0.42372686584155445,-0.42372686584155445,-0.42372686584155445,-0.42372686584155445,0.0,0.0,0.0,11.875891731614827
2023-12-31 21:00:00,12.301501730484043,-32.79628493522515,56.771725310027485,12.301501730484043,12.301501730484043,-1.0065850468902078,-1.0065850468902078,-1.0065850468902078,-1.0065850468902078,-1.0065850468902078,-1.0065850468902078,0.0,0.0,0.0,11.294916683593835
2023-12-31 22:00:00,12.303384863511708,-35.32665435907684,51.43683776109396,12.303384863511708,12.303384863511708,-1.5700126536138037,-1.5700126536138037,-1.5700126536138037,-1.5700126536138037,-1.5700126536138037,-1.5700126536138037,0.0,0.0,0.0,10.733372209897905
2023-12-31 23:00:00,12.305267996539369,-33.256934611369715,53.45034914805732,12.305267996539369,12.305267996539369,-2.1113112200500983,-2.1113112200500983,-2.1113112200500983,-2.1113112200500983,-2.1113112200500983,-2.1113112200500983,0.0,0.0,0.0,10.193956776489271
2024-01-01 00:00:00,12.307151129567035,-32.354884330259594,51.885563838667686,12.307151129567035,12.307151129567035,-2.628005442558546,-2.628005442558546,-2.628005442558546,-2.628005442558546,-2.628005442558546,-2.628005442558546,0.0,0.0,0.0,9.67914568700849
2024-01-01 01:00:00,12.309034262594702,-38.083126657092556,53.888403407549006,12.309034262594702,12.309034262594702,-3.117862050133822,-3.117862050133822,-3.117862050133822,-3.117862050133822,-3.117862050133822,-3.117862050133822,0.0,0.0,0.0,9.19117221246088
2024-01-01 02:00:00,12.310917395622363,-33.96015933579525,53.35932855592968,12.310917395622363,12.310917395622363,-3.578906086586839,-3.578906086586839,-3.578906086586839,-3.578906086586839,-3.578906086586839,-3.578906086586839,0.0,0.0,0.0,8.732011309035524
2024-01-01 03:00:00,12.312800528650028,-31.958100567641832,54.493262200599695,12.312800528650028,12.312800528650028,-4.009434449711929,-4.009434449711929,-4.009434449711929,-4.009434449711929,-4.009434449711929,-4.009434449711929,0.0,0.0,0.0,8.3033660789381
2024-01-01 04:00:00,12.31468366167769,-35.954779874594536,49.671054995928905,12.31468366167769,12.31468366167769,-4.408026562105779,-4.408026562105779,-4.408026562105779,-4.408026562105779,-4.408026562105779,-4.408026562105779,0.0,0.0,0.0,7.90665709957191
2024-01-01 05:00:00,12.316566794705356,-37.580269167017214,52.031397641854156,12.316566794705356,12.316566794705356,-4.773552084254569,-4.773552084254569,-4.773552084254569,-4.773552084254569,-4.773552084254569,-4.773552084254569,0.0,0.0,0.0,7.5430147104507865
2024-01-01 06:00:00,12.318449927733017,-36.32249010578986,53.39116950587999,12.318449927733017,12.318449927733017,-5.1051756115149995,-5.1051756115149995,-5.1051756115149995,-5.1051756115149995,-5.1051756115149995,-5.1051756115149995,0.0,0.0,0.0,7.213274316218017
2024-01-01 07:00:00,12.320333060760682,-36.631970408447344,53.087505428674795,12.320333060760682,12.320333060760682,-5.402358332097757,-5.402358332097757,-5.402358332097757,-5.402358332097757,-5.402358332097757,-5.402358332097757,0.0,0.0,0.0,6.917974728662925
2024-01-01 08:00:00,12.322216193788343,-39.591574148921595,53.23368591277483,12.322216193788343,12.322216193788343,-5.664856658249873,-5.664856658249873,-5.664856658249873,-5.664856658249873,-5.664856658249873,-5.664856658249873,0.0,0.0,0.0,6.65735953553847
2024-01-01 09:00:00,12.32409932681601,-36.53481812462268,49.071628040771735,12.32409932681601,12.32409932681601,-5.892717875946078,-5.892717875946078,-5.892717875946078,-5.892717875946078,-5.892717875946078,-5.892717875946078,0.0,0.0,0.0,6.431381450869932
2024-01-01 10:00:00,12.325982459843676,-37.58124054950067,51.45850805720806,12.325982459843676,12.325982459843676,-6.086272892242481,-6.086272892242481,-6.086272892242481,-6.086272892242481,-6.086272892242481,-6.086272892242481,0.0,0.0,0.0,6.239709567601195
2024-01-01 11:00:00,12.327865592871337,-35.99808017232823,47.691957460802776,12.327865592871337,12.327865592871337,-6.246126192187588,-6.246126192187588,-6.246126192187588,-6.246126192187588,-6.246126192187588,-6.246126192187588,0.0,0.0,0.0,6.081739400683749
